filename,object_location,image_small,image_thumb
01_jrwa_logo_white.png,/objects/01_jrwa_logo_white.png,/objects/small/01_jrwa_logo_white_sm.jpg,/objects/thumbs/01_jrwa_logo_white_th.jpg
1900_1910jrdock.pdf,/objects/1900_1910jrdock.pdf,/objects/small/1900_1910jrdock_sm.jpg,/objects/thumbs/1900_1910jrdock_th.jpg
1901_gdln_commercial_pacific_tele_cable4_3_11.pdf,/objects/1901_gdln_commercial_pacific_tele_cable4_3_11.pdf,/objects/small/1901_gdln_commercial_pacific_tele_cable4_3_11_sm.jpg,/objects/thumbs/1901_gdln_commercial_pacific_tele_cable4_3_11_th.jpg
1904viewjr.jpg,/objects/1904viewjr.jpg,/objects/small/1904viewjr_sm.jpg,/objects/thumbs/1904viewjr_th.jpg
1906_newest_1000_pink_and_4000_sockeye_caught_in_jr_traps_3_3_3.pdf,/objects/1906_newest_1000_pink_and_4000_sockeye_caught_in_jr_traps_3_3_3.pdf,/objects/small/1906_newest_1000_pink_and_4000_sockeye_caught_in_jr_traps_3_3_3_sm.jpg,/objects/thumbs/1906_newest_1000_pink_and_4000_sockeye_caught_in_jr_traps_3_3_3_th.jpg
1908_bndry_p2col4_9_32kacressold_us_by_jr_lumber.pdf,/objects/1908_bndry_p2col4_9_32kacressold_us_by_jr_lumber.pdf,/objects/small/1908_bndry_p2col4_9_32kacressold_us_by_jr_lumber_sm.jpg,/objects/thumbs/1908_bndry_p2col4_9_32kacressold_us_by_jr_lumber_th.jpg
1908_new_west_announcement_of_new_power_plant_at_jr_6_1_3.pdf,/objects/1908_new_west_announcement_of_new_power_plant_at_jr_6_1_3.pdf,/objects/small/1908_new_west_announcement_of_new_power_plant_at_jr_6_1_3_sm.jpg,/objects/thumbs/1908_new_west_announcement_of_new_power_plant_at_jr_6_1_3_th.jpg
1908_weeklyp1col3_4_bcer_power.pdf,/objects/1908_weeklyp1col3_4_bcer_power.pdf,/objects/small/1908_weeklyp1col3_4_bcer_power_sm.jpg,/objects/thumbs/1908_weeklyp1col3_4_bcer_power_th.jpg
1908_wkly_p7col9certificate_of_regjrlumber.pdf,/objects/1908_wkly_p7col9certificate_of_regjrlumber.pdf,/objects/small/1908_wkly_p7col9certificate_of_regjrlumber_sm.jpg,/objects/thumbs/1908_wkly_p7col9certificate_of_regjrlumber_th.jpg
1908nlsndaily_tug_with_a_history.pdf,/objects/1908nlsndaily_tug_with_a_history.pdf,/objects/small/1908nlsndaily_tug_with_a_history_sm.jpg,/objects/thumbs/1908nlsndaily_tug_with_a_history_th.jpg
1909_crnbrk_1_5_lumber_dvelopents_transactions.pdf,/objects/1909_crnbrk_1_5_lumber_dvelopents_transactions.pdf,/objects/small/1909_crnbrk_1_5_lumber_dvelopents_transactions_sm.jpg,/objects/thumbs/1909_crnbrk_1_5_lumber_dvelopents_transactions_th.jpg
1909_nlsn_timberlandsold_jr180k6_1.pdf,/objects/1909_nlsn_timberlandsold_jr180k6_1.pdf,/objects/small/1909_nlsn_timberlandsold_jr180k6_1_sm.jpg,/objects/thumbs/1909_nlsn_timberlandsold_jr180k6_1_th.jpg
1909_weekly_1_4_bcer_water_power_proposal.pdf,/objects/1909_weekly_1_4_bcer_water_power_proposal.pdf,/objects/small/1909_weekly_1_4_bcer_water_power_proposal_sm.jpg,/objects/thumbs/1909_weekly_1_4_bcer_water_power_proposal_th.jpg
1909_weekly_bcer_1_3.pdf,/objects/1909_weekly_bcer_1_3.pdf,/objects/small/1909_weekly_bcer_1_3_sm.jpg,/objects/thumbs/1909_weekly_bcer_1_3_th.jpg
1909_weekly_bcer_approved_by_the_city_pp_1and6.pdf,/objects/1909_weekly_bcer_approved_by_the_city_pp_1and6.pdf,/objects/small/1909_weekly_bcer_approved_by_the_city_pp_1and6_sm.jpg,/objects/thumbs/1909_weekly_bcer_approved_by_the_city_pp_1and6_th.jpg
1909_weekly_bcer_p6_3.pdf,/objects/1909_weekly_bcer_p6_3.pdf,/objects/small/1909_weekly_bcer_p6_3_sm.jpg,/objects/thumbs/1909_weekly_bcer_p6_3_th.jpg
1909nelsondaily_bcer_approved5_2.pdf,/objects/1909nelsondaily_bcer_approved5_2.pdf,/objects/small/1909nelsondaily_bcer_approved5_2_sm.jpg,/objects/thumbs/1909nelsondaily_bcer_approved5_2_th.jpg
1909nlsn8_5_10_death_in_pile_driver_accident.pdf,/objects/1909nlsn8_5_10_death_in_pile_driver_accident.pdf,/objects/small/1909nlsn8_5_10_death_in_pile_driver_accident_sm.jpg,/objects/thumbs/1909nlsn8_5_10_death_in_pile_driver_accident_th.jpg
1909weekly_1_2.pdf,/objects/1909weekly_1_2.pdf,/objects/small/1909weekly_1_2_sm.jpg,/objects/thumbs/1909weekly_1_2_th.jpg
1910_bc_timber_profitable_3_1.pdf,/objects/1910_bc_timber_profitable_3_1.pdf,/objects/small/1910_bc_timber_profitable_3_1_sm.jpg,/objects/thumbs/1910_bc_timber_profitable_3_1_th.jpg
1910_bcer_details_1_3_4.pdf,/objects/1910_bcer_details_1_3_4.pdf,/objects/small/1910_bcer_details_1_3_4_sm.jpg,/objects/thumbs/1910_bcer_details_1_3_4_th.jpg
1910_daily_pipe_contract_secured_8_3.pdf,/objects/1910_daily_pipe_contract_secured_8_3.pdf,/objects/small/1910_daily_pipe_contract_secured_8_3_sm.jpg,/objects/thumbs/1910_daily_pipe_contract_secured_8_3_th.jpg
1910_daily_progress_2_1.pdf,/objects/1910_daily_progress_2_1.pdf,/objects/small/1910_daily_progress_2_1_sm.jpg,/objects/thumbs/1910_daily_progress_2_1_th.jpg
1910_the_week_engineer_that_completes_the_dam_21_2_and_19_5_1_0344213.pdf,/objects/1910_the_week_engineer_that_completes_the_dam_21_2_and_19_5_1_0344213.pdf,/objects/small/1910_the_week_engineer_that_completes_the_dam_21_2_and_19_5_1_0344213_sm.jpg,/objects/thumbs/1910_the_week_engineer_that_completes_the_dam_21_2_and_19_5_1_0344213_th.jpg
1911_vanbuildrec_bcer-jr_complete_contract_to_build_power.pdf,/objects/1911_vanbuildrec_bcer-jr_complete_contract_to_build_power.pdf,/objects/small/1911_vanbuildrec_bcer-jr_complete_contract_to_build_power_sm.jpg,/objects/thumbs/1911_vanbuildrec_bcer-jr_complete_contract_to_build_power_th.jpg
1911_week.pdf,/objects/1911_week.pdf,/objects/small/1911_week_sm.jpg,/objects/thumbs/1911_week_th.jpg
1911_week_5_5_amendment_to_the_1909_water_act_by_bcer_for_jr_power.pdf,/objects/1911_week_5_5_amendment_to_the_1909_water_act_by_bcer_for_jr_power.pdf,/objects/small/1911_week_5_5_amendment_to_the_1909_water_act_by_bcer_for_jr_power_sm.jpg,/objects/thumbs/1911_week_5_5_amendment_to_the_1909_water_act_by_bcer_for_jr_power_th.jpg
1911rivermouth.jpg,/objects/1911rivermouth.jpg,/objects/small/1911rivermouth_sm.jpg,/objects/thumbs/1911rivermouth_th.jpg
1912_bc_federationist_1_5_6_rhumours_of_bcel_background_of_operations.pdf,/objects/1912_bc_federationist_1_5_6_rhumours_of_bcel_background_of_operations.pdf,/objects/small/1912_bc_federationist_1_5_6_rhumours_of_bcel_background_of_operations_sm.jpg,/objects/thumbs/1912_bc_federationist_1_5_6_rhumours_of_bcel_background_of_operations_th.jpg
1912_building_record_1_2_contract_for_dam_across_jordan _river.pdf,/objects/1912_building_record_1_2_contract_for_dam_across_jordan _river.pdf,/objects/small/1912_building_record_1_2_contract_for_dam_across_jordan _river_sm.jpg,/objects/thumbs/1912_building_record_1_2_contract_for_dam_across_jordan _river_th.jpg
1912_nwdn_3_3_contract_for_earth_damn_in_jr_info_about_size_etc_of_dam.pdf,/objects/1912_nwdn_3_3_contract_for_earth_damn_in_jr_info_about_size_etc_of_dam.pdf,/objects/small/1912_nwdn_3_3_contract_for_earth_damn_in_jr_info_about_size_etc_of_dam_sm.jpg,/objects/thumbs/1912_nwdn_3_3_contract_for_earth_damn_in_jr_info_about_size_etc_of_dam_th.jpg
1912_nwdn_dam_complete_ready_to_produce_power.pdf,/objects/1912_nwdn_dam_complete_ready_to_produce_power.pdf,/objects/small/1912_nwdn_dam_complete_ready_to_produce_power_sm.jpg,/objects/thumbs/1912_nwdn_dam_complete_ready_to_produce_power_th.jpg
1912_week_3_2jrdam_complete.pdf,/objects/1912_week_3_2jrdam_complete.pdf,/objects/small/1912_week_3_2jrdam_complete_sm.jpg,/objects/thumbs/1912_week_3_2jrdam_complete_th.jpg
1912_week_6_1_summary_of_bcel_talks_about_increased_comsumption_in_vic_and_the_doublinfg_production.pdf,/objects/1912_week_6_1_summary_of_bcel_talks_about_increased_comsumption_in_vic_and_the_doublinfg_production.pdf,/objects/small/1912_week_6_1_summary_of_bcel_talks_about_increased_comsumption_in_vic_and_the_doublinfg_production_sm.jpg,/objects/thumbs/1912_week_6_1_summary_of_bcel_talks_about_increased_comsumption_in_vic_and_the_doublinfg_production_th.jpg
1912week_6_1_summary_of_project_and_doubling_of_demand_in_victoria.pdf,/objects/1912week_6_1_summary_of_project_and_doubling_of_demand_in_victoria.pdf,/objects/small/1912week_6_1_summary_of_project_and_doubling_of_demand_in_victoria_sm.jpg,/objects/thumbs/1912week_6_1_summary_of_project_and_doubling_of_demand_in_victoria_th.jpg
1913_1_3_contract_for_steel_pipe_to_add_35k_hp_to_jr_plant.pdf,/objects/1913_1_3_contract_for_steel_pipe_to_add_35k_hp_to_jr_plant.pdf,/objects/small/1913_1_3_contract_for_steel_pipe_to_add_35k_hp_to_jr_plant_sm.jpg,/objects/thumbs/1913_1_3_contract_for_steel_pipe_to_add_35k_hp_to_jr_plant_th.jpg
1913_nwdn_3_3_annual_meeting_of_bcelectric.pdf,/objects/1913_nwdn_3_3_annual_meeting_of_bcelectric.pdf,/objects/small/1913_nwdn_3_3_annual_meeting_of_bcelectric_sm.jpg,/objects/thumbs/1913_nwdn_3_3_annual_meeting_of_bcelectric_th.jpg
1913_nwdn_power_plant_done_in_two_weeks_highest_of_any_in_canada.pdf,/objects/1913_nwdn_power_plant_done_in_two_weeks_highest_of_any_in_canada.pdf,/objects/small/1913_nwdn_power_plant_done_in_two_weeks_highest_of_any_in_canada_sm.jpg,/objects/thumbs/1913_nwdn_power_plant_done_in_two_weeks_highest_of_any_in_canada_th.jpg
1913_week_1_2 _summary_of_jr_infra_in_relation_to_other_power_producers_on_the_island.pdf,/objects/1913_week_1_2 _summary_of_jr_infra_in_relation_to_other_power_producers_on_the_island.pdf,/objects/small/1913_week_1_2 _summary_of_jr_infra_in_relation_to_other_power_producers_on_the_island_sm.jpg,/objects/thumbs/1913_week_1_2 _summary_of_jr_infra_in_relation_to_other_power_producers_on_the_island_th.jpg
1913nwdn_2_3_jr_largest_dam_in_canada_built_and_inspected.pdf,/objects/1913nwdn_2_3_jr_largest_dam_in_canada_built_and_inspected.pdf,/objects/small/1913nwdn_2_3_jr_largest_dam_in_canada_built_and_inspected_sm.jpg,/objects/thumbs/1913nwdn_2_3_jr_largest_dam_in_canada_built_and_inspected_th.jpg
1913nwdn_2_3_start_filling_up_resevoir_for_biggest_dam_in_canada.pdf,/objects/1913nwdn_2_3_start_filling_up_resevoir_for_biggest_dam_in_canada.pdf,/objects/small/1913nwdn_2_3_start_filling_up_resevoir_for_biggest_dam_in_canada_sm.jpg,/objects/thumbs/1913nwdn_2_3_start_filling_up_resevoir_for_biggest_dam_in_canada_th.jpg
1914_cumberland_4_2_best_thing_fed_did_in_1913_was_extend_telgraph_line_to_jr.pdf,/objects/1914_cumberland_4_2_best_thing_fed_did_in_1913_was_extend_telgraph_line_to_jr.pdf,/objects/small/1914_cumberland_4_2_best_thing_fed_did_in_1913_was_extend_telgraph_line_to_jr_sm.jpg,/objects/thumbs/1914_cumberland_4_2_best_thing_fed_did_in_1913_was_extend_telgraph_line_to_jr_th.jpg
1914nwdn_4_3_summary_of_bcel_orginal_plan_and_extensions.pdf,/objects/1914nwdn_4_3_summary_of_bcel_orginal_plan_and_extensions.pdf,/objects/small/1914nwdn_4_3_summary_of_bcel_orginal_plan_and_extensions_sm.jpg,/objects/thumbs/1914nwdn_4_3_summary_of_bcel_orginal_plan_and_extensions_th.jpg
1915_xwestcall_4_4_details_about_the_water_powers_of_jordan_river.pdf,/objects/1915_xwestcall_4_4_details_about_the_water_powers_of_jordan_river.pdf,/objects/small/1915_xwestcall_4_4_details_about_the_water_powers_of_jordan_river_sm.jpg,/objects/thumbs/1915_xwestcall_4_4_details_about_the_water_powers_of_jordan_river_th.jpg
1916_nelsondaily_6_2_feature_article_on_tracts_of_land_for_loggin.pdf,/objects/1916_nelsondaily_6_2_feature_article_on_tracts_of_land_for_loggin.pdf,/objects/small/1916_nelsondaily_6_2_feature_article_on_tracts_of_land_for_loggin_sm.jpg,/objects/thumbs/1916_nelsondaily_6_2_feature_article_on_tracts_of_land_for_loggin_th.jpg
1917_week_1_3_bc_electric_to_sell_its_holdings_to_bc_and_municip_govts.pdf,/objects/1917_week_1_3_bc_electric_to_sell_its_holdings_to_bc_and_municip_govts.pdf,/objects/small/1917_week_1_3_bc_electric_to_sell_its_holdings_to_bc_and_municip_govts_sm.jpg,/objects/thumbs/1917_week_1_3_bc_electric_to_sell_its_holdings_to_bc_and_municip_govts_th.jpg
1917boomingarea.jpg,/objects/1917boomingarea.jpg,/objects/small/1917boomingarea_sm.jpg,/objects/thumbs/1917boomingarea_th.jpg
"1918_bcrecord_750,000_4_2_timber_license_deal.pdf","/objects/1918_bcrecord_750,000_4_2_timber_license_deal.pdf","/objects/small/1918_bcrecord_750,000_4_2_timber_license_deal_sm.jpg","/objects/thumbs/1918_bcrecord_750,000_4_2_timber_license_deal_th.jpg"
1919mandrillingrock.png,/objects/1919mandrillingrock.png,/objects/small/1919mandrillingrock_sm.jpg,/objects/thumbs/1919mandrillingrock_th.jpg
1920_bc_fed_3_1_info_on_new_bunks_built_in_jr.pdf,/objects/1920_bc_fed_3_1_info_on_new_bunks_built_in_jr.pdf,/objects/small/1920_bc_fed_3_1_info_on_new_bunks_built_in_jr_sm.jpg,/objects/thumbs/1920_bc_fed_3_1_info_on_new_bunks_built_in_jr_th.jpg
1920_bcfed_3_1_major_complaints_about_jr_camp_and_description_of_shitty_work.pdf,/objects/1920_bcfed_3_1_major_complaints_about_jr_camp_and_description_of_shitty_work.pdf,/objects/small/1920_bcfed_3_1_major_complaints_about_jr_camp_and_description_of_shitty_work_sm.jpg,/objects/thumbs/1920_bcfed_3_1_major_complaints_about_jr_camp_and_description_of_shitty_work_th.jpg
1920_bcfed_3_1_point_no_point_camp_describes_only_reachable_by_coach_and_poor_conditions_at_the_camp_boss_anti_union.pdf,/objects/1920_bcfed_3_1_point_no_point_camp_describes_only_reachable_by_coach_and_poor_conditions_at_the_camp_boss_anti_union.pdf,/objects/small/1920_bcfed_3_1_point_no_point_camp_describes_only_reachable_by_coach_and_poor_conditions_at_the_camp_boss_anti_union_sm.jpg,/objects/thumbs/1920_bcfed_3_1_point_no_point_camp_describes_only_reachable_by_coach_and_poor_conditions_at_the_camp_boss_anti_union_th.jpg
1920_bcfed_3_3_camp_defending_it_operation_and_the_work_done.pdf,/objects/1920_bcfed_3_3_camp_defending_it_operation_and_the_work_done.pdf,/objects/small/1920_bcfed_3_3_camp_defending_it_operation_and_the_work_done_sm.jpg,/objects/thumbs/1920_bcfed_3_3_camp_defending_it_operation_and_the_work_done_th.jpg
1920_bcfed_3_3_mroe_drama_abotu_jr_camp_tied_into_lwiu_union_disputes_of_1919_22.pdf,/objects/1920_bcfed_3_3_mroe_drama_abotu_jr_camp_tied_into_lwiu_union_disputes_of_1919_22.pdf,/objects/small/1920_bcfed_3_3_mroe_drama_abotu_jr_camp_tied_into_lwiu_union_disputes_of_1919_22_sm.jpg,/objects/thumbs/1920_bcfed_3_3_mroe_drama_abotu_jr_camp_tied_into_lwiu_union_disputes_of_1919_22_th.jpg
1920jrsunlockmines.jpg,/objects/1920jrsunlockmines.jpg,/objects/small/1920jrsunlockmines_sm.jpg,/objects/thumbs/1920jrsunlockmines_th.jpg
1920powerhousejr.jpg,/objects/1920powerhousejr.jpg,/objects/small/1920powerhousejr_sm.jpg,/objects/thumbs/1920powerhousejr_th.jpg
1920railcar.jpg,/objects/1920railcar.jpg,/objects/small/1920railcar_sm.jpg,/objects/thumbs/1920railcar_th.jpg
1923_abpost_3_4_resolution_to_build_23_mile_highway_bt_pr_and_jr.pdf,/objects/1923_abpost_3_4_resolution_to_build_23_mile_highway_bt_pr_and_jr.pdf,/objects/small/1923_abpost_3_4_resolution_to_build_23_mile_highway_bt_pr_and_jr_sm.jpg,/objects/thumbs/1923_abpost_3_4_resolution_to_build_23_mile_highway_bt_pr_and_jr_th.jpg
1926jrpowerhouse.jpg,/objects/1926jrpowerhouse.jpg,/objects/small/1926jrpowerhouse_sm.jpg,/objects/thumbs/1926jrpowerhouse_th.jpg
1927_nelsondaily_3_1_confirmation_of_jr_to_pr_road_to_be_built_500.pdf,/objects/1927_nelsondaily_3_1_confirmation_of_jr_to_pr_road_to_be_built_500.pdf,/objects/small/1927_nelsondaily_3_1_confirmation_of_jr_to_pr_road_to_be_built_500_sm.jpg,/objects/thumbs/1927_nelsondaily_3_1_confirmation_of_jr_to_pr_road_to_be_built_500_th.jpg
1927_nelsondaily_jordan_river_quintet_bball_wins.pdf,/objects/1927_nelsondaily_jordan_river_quintet_bball_wins.pdf,/objects/small/1927_nelsondaily_jordan_river_quintet_bball_wins_sm.jpg,/objects/thumbs/1927_nelsondaily_jordan_river_quintet_bball_wins_th.jpg
1928_grandforks_3_4_highway_report_sooke_to_jr_road_fair.pdf,/objects/1928_grandforks_3_4_highway_report_sooke_to_jr_road_fair.pdf,/objects/small/1928_grandforks_3_4_highway_report_sooke_to_jr_road_fair_sm.jpg,/objects/thumbs/1928_grandforks_3_4_highway_report_sooke_to_jr_road_fair_th.jpg
1928_nelsondaily_10_4_bcel_to_add_2000_hp_to_jr.pdf,/objects/1928_nelsondaily_10_4_bcel_to_add_2000_hp_to_jr.pdf,/objects/small/1928_nelsondaily_10_4_bcel_to_add_2000_hp_to_jr_sm.jpg,/objects/thumbs/1928_nelsondaily_10_4_bcel_to_add_2000_hp_to_jr_th.jpg
1928_nelsondaily_2_2_chinese drowneed_in_boom_at_jr.pdf,/objects/1928_nelsondaily_2_2_chinese drowneed_in_boom_at_jr.pdf,/objects/small/1928_nelsondaily_2_2_chinese drowneed_in_boom_at_jr_sm.jpg,/objects/thumbs/1928_nelsondaily_2_2_chinese drowneed_in_boom_at_jr_th.jpg
1928_nelsondaily_2_5_logger_find_huge_whale_fossils.pdf,/objects/1928_nelsondaily_2_5_logger_find_huge_whale_fossils.pdf,/objects/small/1928_nelsondaily_2_5_logger_find_huge_whale_fossils_sm.jpg,/objects/thumbs/1928_nelsondaily_2_5_logger_find_huge_whale_fossils_th.jpg
1928_nelsondaily_7_3_jr_defeated_by_university_team.pdf,/objects/1928_nelsondaily_7_3_jr_defeated_by_university_team.pdf,/objects/small/1928_nelsondaily_7_3_jr_defeated_by_university_team_sm.jpg,/objects/thumbs/1928_nelsondaily_7_3_jr_defeated_by_university_team_th.jpg
1928_nelsondaily_7_5_jordan_river_island_winners.pdf,/objects/1928_nelsondaily_7_5_jordan_river_island_winners.pdf,/objects/small/1928_nelsondaily_7_5_jordan_river_island_winners_sm.jpg,/objects/thumbs/1928_nelsondaily_7_5_jordan_river_island_winners_th.jpg
1929_cumberland_1_3_feature_about_bcel_infrastructure_for_van_borad_of_trade_lots_of_info.pdf,/objects/1929_cumberland_1_3_feature_about_bcel_infrastructure_for_van_borad_of_trade_lots_of_info.pdf,/objects/small/1929_cumberland_1_3_feature_about_bcel_infrastructure_for_van_borad_of_trade_lots_of_info_sm.jpg,/objects/thumbs/1929_cumberland_1_3_feature_about_bcel_infrastructure_for_van_borad_of_trade_lots_of_info_th.jpg
1929_cumberlandis_1_3_exmaining_jr_for_potential_development.pdf,/objects/1929_cumberlandis_1_3_exmaining_jr_for_potential_development.pdf,/objects/small/1929_cumberlandis_1_3_exmaining_jr_for_potential_development_sm.jpg,/objects/thumbs/1929_cumberlandis_1_3_exmaining_jr_for_potential_development_th.jpg
1930sjordanriveranddam.jpg,/objects/1930sjordanriveranddam.jpg,/objects/small/1930sjordanriveranddam_sm.jpg,/objects/thumbs/1930sjordanriveranddam_th.jpg
1932_nelsondaily_1_3_somebody_died_in_jr_working_for_mulligan_lumber_company.pdf,/objects/1932_nelsondaily_1_3_somebody_died_in_jr_working_for_mulligan_lumber_company.pdf,/objects/small/1932_nelsondaily_1_3_somebody_died_in_jr_working_for_mulligan_lumber_company_sm.jpg,/objects/thumbs/1932_nelsondaily_1_3_somebody_died_in_jr_working_for_mulligan_lumber_company_th.jpg
1933_nelsondaily_2_5_plan_to_extend_trail_from_jr_to_pr_underway.pdf,/objects/1933_nelsondaily_2_5_plan_to_extend_trail_from_jr_to_pr_underway.pdf,/objects/small/1933_nelsondaily_2_5_plan_to_extend_trail_from_jr_to_pr_underway_sm.jpg,/objects/thumbs/1933_nelsondaily_2_5_plan_to_extend_trail_from_jr_to_pr_underway_th.jpg
1936_nelsondaily_1_7_jr_to_victoria_part_of_the_big_road_tweaking_program.pdf,/objects/1936_nelsondaily_1_7_jr_to_victoria_part_of_the_big_road_tweaking_program.pdf,/objects/small/1936_nelsondaily_1_7_jr_to_victoria_part_of_the_big_road_tweaking_program_sm.jpg,/objects/thumbs/1936_nelsondaily_1_7_jr_to_victoria_part_of_the_big_road_tweaking_program_th.jpg
1937_nelsondaily_1_7_timber_license_auctioned_in_jordan_river.pdf,/objects/1937_nelsondaily_1_7_timber_license_auctioned_in_jordan_river.pdf,/objects/small/1937_nelsondaily_1_7_timber_license_auctioned_in_jordan_river_sm.jpg,/objects/thumbs/1937_nelsondaily_1_7_timber_license_auctioned_in_jordan_river_th.jpg
1945_48jrcommunityhall.jpg,/objects/1945_48jrcommunityhall.jpg,/objects/small/1945_48jrcommunityhall_sm.jpg,/objects/thumbs/1945_48jrcommunityhall_th.jpg
1950slogbooming.jpg,/objects/1950slogbooming.jpg,/objects/small/1950slogbooming_sm.jpg,/objects/thumbs/1950slogbooming_th.jpg
1960_coast_news_4_1_story_of_logger_useful_as_it_offers_the_companies_they_worked_for_in_early_days.pdf,/objects/1960_coast_news_4_1_story_of_logger_useful_as_it_offers_the_companies_they_worked_for_in_early_days.pdf,/objects/small/1960_coast_news_4_1_story_of_logger_useful_as_it_offers_the_companies_they_worked_for_in_early_days_sm.jpg,/objects/thumbs/1960_coast_news_4_1_story_of_logger_useful_as_it_offers_the_companies_they_worked_for_in_early_days_th.jpg
1961_coastnews_12_1_handover_of_jr_water_power_from_bce_to_bch.pdf,/objects/1961_coastnews_12_1_handover_of_jr_water_power_from_bce_to_bch.pdf,/objects/small/1961_coastnews_12_1_handover_of_jr_water_power_from_bce_to_bch_sm.jpg,/objects/thumbs/1961_coastnews_12_1_handover_of_jr_water_power_from_bce_to_bch_th.jpg
1962_07_28_0005_daily_colonist_islander_never_gave_up_jordan_river_mill_buried_with_mine.pdf,/objects/1962_07_28_0005_daily_colonist_islander_never_gave_up_jordan_river_mill_buried_with_mine.pdf,/objects/small/1962_07_28_0005_daily_colonist_islander_never_gave_up_jordan_river_mill_buried_with_mine_sm.jpg,/objects/thumbs/1962_07_28_0005_daily_colonist_islander_never_gave_up_jordan_river_mill_buried_with_mine_th.jpg
1963_12_07_0034_daily_colonist_river_bed_collapses_mine_closed.jpg,/objects/1963_12_07_0034_daily_colonist_river_bed_collapses_mine_closed.jpg,/objects/small/1963_12_07_0034_daily_colonist_river_bed_collapses_mine_closed_sm.jpg,/objects/thumbs/1963_12_07_0034_daily_colonist_river_bed_collapses_mine_closed_th.jpg
1964_01_09_0038_daily_colonist_maverick_river_adds_to_island_mine_woe.jpg,/objects/1964_01_09_0038_daily_colonist_maverick_river_adds_to_island_mine_woe.jpg,/objects/small/1964_01_09_0038_daily_colonist_maverick_river_adds_to_island_mine_woe_sm.jpg,/objects/thumbs/1964_01_09_0038_daily_colonist_maverick_river_adds_to_island_mine_woe_th.jpg
1967_04_18_0008_daily_colonist_macdonald_report_to_share_holders.jpg,/objects/1967_04_18_0008_daily_colonist_macdonald_report_to_share_holders.jpg,/objects/small/1967_04_18_0008_daily_colonist_macdonald_report_to_share_holders_sm.jpg,/objects/thumbs/1967_04_18_0008_daily_colonist_macdonald_report_to_share_holders_th.jpg
1968_12_04_0049_daily_colonist_multi_million_bid_wins_jordan_job_bc_hydro_tunnel.jpg,/objects/1968_12_04_0049_daily_colonist_multi_million_bid_wins_jordan_job_bc_hydro_tunnel.jpg,/objects/small/1968_12_04_0049_daily_colonist_multi_million_bid_wins_jordan_job_bc_hydro_tunnel_sm.jpg,/objects/thumbs/1968_12_04_0049_daily_colonist_multi_million_bid_wins_jordan_job_bc_hydro_tunnel_th.jpg
1969_01_18_0008_daily_colonist_cowichan_copper_delisted_mine_story_ending.jpg,/objects/1969_01_18_0008_daily_colonist_cowichan_copper_delisted_mine_story_ending.jpg,/objects/small/1969_01_18_0008_daily_colonist_cowichan_copper_delisted_mine_story_ending_sm.jpg,/objects/thumbs/1969_01_18_0008_daily_colonist_cowichan_copper_delisted_mine_story_ending_th.jpg
1971_03_03_0016.jpg,/objects/1971_03_03_0016.jpg,/objects/small/1971_03_03_0016_sm.jpg,/objects/thumbs/1971_03_03_0016_th.jpg
1971_03_16_0029.jpg,/objects/1971_03_16_0029.jpg,/objects/small/1971_03_16_0029_sm.jpg,/objects/thumbs/1971_03_16_0029_th.jpg
1971_06_27_0012.jpg,/objects/1971_06_27_0012.jpg,/objects/small/1971_06_27_0012_sm.jpg,/objects/thumbs/1971_06_27_0012_th.jpg
1973_03_02_0016.jpg,/objects/1973_03_02_0016.jpg,/objects/small/1973_03_02_0016_sm.jpg,/objects/thumbs/1973_03_02_0016_th.jpg
1974_06_23_0025.jpg,/objects/1974_06_23_0025.jpg,/objects/small/1974_06_23_0025_sm.jpg,/objects/thumbs/1974_06_23_0025_th.jpg
1974_12_06_0019_2.jpg,/objects/1974_12_06_0019_2.jpg,/objects/small/1974_12_06_0019_2_sm.jpg,/objects/thumbs/1974_12_06_0019_2_th.jpg
1974_12_06_0050.jpg,/objects/1974_12_06_0050.jpg,/objects/small/1974_12_06_0050_sm.jpg,/objects/thumbs/1974_12_06_0050_th.jpg
1974_12_14_0046.jpg,/objects/1974_12_14_0046.jpg,/objects/small/1974_12_14_0046_sm.jpg,/objects/thumbs/1974_12_14_0046_th.jpg
1974minewastedumpandpond.pdf,/objects/1974minewastedumpandpond.pdf,/objects/small/1974minewastedumpandpond_sm.jpg,/objects/thumbs/1974minewastedumpandpond_th.jpg
1975_vancouver_jan_4_save_estuaries_and_you_save_people_from_starving.pdf,/objects/1975_vancouver_jan_4_save_estuaries_and_you_save_people_from_starving.pdf,/objects/small/1975_vancouver_jan_4_save_estuaries_and_you_save_people_from_starving_sm.jpg,/objects/thumbs/1975_vancouver_jan_4_save_estuaries_and_you_save_people_from_starving_th.jpg
1978_sunishine_coastnews_1-4_bchydro_hearing_for_using_24d_chemical_to_spray_right_away.pdf,/objects/1978_sunishine_coastnews_1-4_bchydro_hearing_for_using_24d_chemical_to_spray_right_away.pdf,/objects/small/1978_sunishine_coastnews_1-4_bchydro_hearing_for_using_24d_chemical_to_spray_right_away_sm.jpg,/objects/thumbs/1978_sunishine_coastnews_1-4_bchydro_hearing_for_using_24d_chemical_to_spray_right_away_th.jpg
1980_sunchine_coast_23_3_hydro_employee_charged_for_misleading)_the_public_about_pesticide_control_act_sparying_bt_ jr_and_sooke.pdf,/objects/1980_sunchine_coast_23_3_hydro_employee_charged_for_misleading)_the_public_about_pesticide_control_act_sparying_bt_ jr_and_sooke.pdf,/objects/small/1980_sunchine_coast_23_3_hydro_employee_charged_for_misleading)_the_public_about_pesticide_control_act_sparying_bt_ jr_and_sooke_sm.jpg,/objects/thumbs/1980_sunchine_coast_23_3_hydro_employee_charged_for_misleading)_the_public_about_pesticide_control_act_sparying_bt_ jr_and_sooke_th.jpg
1983ethnobotany_nancyturner.pdf,/objects/1983ethnobotany_nancyturner.pdf,/objects/small/1983ethnobotany_nancyturner_sm.jpg,/objects/thumbs/1983ethnobotany_nancyturner_th.jpg
2001jordanriverhistoricalsalmonidsurvey.pdf,/objects/2001jordanriverhistoricalsalmonidsurvey.pdf,/objects/small/2001jordanriverhistoricalsalmonidsurvey_sm.jpg,/objects/thumbs/2001jordanriverhistoricalsalmonidsurvey_th.jpg
2017pacheedahttraditionaluseandoccupancystudyreport.pdf,/objects/2017pacheedahttraditionaluseandoccupancystudyreport.pdf,/objects/small/2017pacheedahttraditionaluseandoccupancystudyreport_sm.jpg,/objects/thumbs/2017pacheedahttraditionaluseandoccupancystudyreport_th.jpg
2020caseforaguardiannetwork.pdf,/objects/2020caseforaguardiannetwork.pdf,/objects/small/2020caseforaguardiannetwork_sm.jpg,/objects/thumbs/2020caseforaguardiannetwork_th.jpg
2022bc_firstnationstoappealnechakorivercourtruling.pdf,/objects/2022bc_firstnationstoappealnechakorivercourtruling.pdf,/objects/small/2022bc_firstnationstoappealnechakorivercourtruling_sm.jpg,/objects/thumbs/2022bc_firstnationstoappealnechakorivercourtruling_th.jpg
2022canadawateragencyvirtualdialogue.pdf,/objects/2022canadawateragencyvirtualdialogue.pdf,/objects/small/2022canadawateragencyvirtualdialogue_sm.jpg,/objects/thumbs/2022canadawateragencyvirtualdialogue_th.jpg
2022canadawateragencyvirtualdialogueseries.pdf,/objects/2022canadawateragencyvirtualdialogueseries.pdf,/objects/small/2022canadawateragencyvirtualdialogueseries_sm.jpg,/objects/thumbs/2022canadawateragencyvirtualdialogueseries_th.jpg
23797sookeJORDANRIVER-1.jpg,/objects/23797sookeJORDANRIVER-1.jpg,/objects/small/23797sookejordanriver-1_sm.jpg,/objects/thumbs/23797sookejordanriver-1_th.jpg
54633sookeCOWICHANCOPPERMINE1965.jpg,/objects/54633sookeCOWICHANCOPPERMINE1965.jpg,/objects/small/54633sookecowichancoppermine1965_sm.jpg,/objects/thumbs/54633sookecowichancoppermine1965_th.jpg
alberni_valley_times_mon__aug_18_1969.pdf,/objects/alberni_valley_times_mon__aug_18_1969.pdf,/objects/small/alberni_valley_times_mon__aug_18_1969_sm.jpg,/objects/thumbs/alberni_valley_times_mon__aug_18_1969_th.jpg
ame_2015exploration_in_british_columbia_2015_in_review_ame.pdf,/objects/ame_2015exploration_in_british_columbia_2015_in_review_ame.pdf,/objects/small/ame_2015exploration_in_british_columbia_2015_in_review_ame_sm.jpg,/objects/thumbs/ame_2015exploration_in_british_columbia_2015_in_review_ame_th.jpg
barazzuol_and _stewart_2003_historic_mine_sites_in_bc_bcgs_of2003_03.pdf,/objects/barazzuol_and _stewart_2003_historic_mine_sites_in_bc_bcgs_of2003_03.pdf,/objects/small/barazzuol_and _stewart_2003_historic_mine_sites_in_bc_bcgs_of2003_03_sm.jpg,/objects/thumbs/barazzuol_and _stewart_2003_historic_mine_sites_in_bc_bcgs_of2003_03_th.jpg
barkham_2021_should_rivers_have_the_same_rights_as_people_in_guardian.pdf,/objects/barkham_2021_should_rivers_have_the_same_rights_as_people_in_guardian.pdf,/objects/small/barkham_2021_should_rivers_have_the_same_rights_as_people_in_guardian_sm.jpg,/objects/thumbs/barkham_2021_should_rivers_have_the_same_rights_as_people_in_guardian_th.jpg
bc_contaminated_mine_site_map_jan_13_2021_low_resolution.pdf,/objects/bc_contaminated_mine_site_map_jan_13_2021_low_resolution.pdf,/objects/small/bc_contaminated_mine_site_map_jan_13_2021_low_resolution_sm.jpg,/objects/thumbs/bc_contaminated_mine_site_map_jan_13_2021_low_resolution_th.jpg
bcclamgardenrestorationrevivesmillenniaoldfirstnationfoodsource_sookenewsmirror.pdf,/objects/bcclamgardenrestorationrevivesmillenniaoldfirstnationfoodsource_sookenewsmirror.pdf,/objects/small/bcclamgardenrestorationrevivesmillenniaoldfirstnationfoodsource_sookenewsmirror_sm.jpg,/objects/thumbs/bcclamgardenrestorationrevivesmillenniaoldfirstnationfoodsource_sookenewsmirror_th.jpg
bcmlr_2023_dirty_dozen_report_2023_web.pdf,/objects/bcmlr_2023_dirty_dozen_report_2023_web.pdf,/objects/small/bcmlr_2023_dirty_dozen_report_2023_web_sm.jpg,/objects/thumbs/bcmlr_2023_dirty_dozen_report_2023_web_th.jpg
bcmlr_closure_reclamation_abandoned_mines.pdf,/objects/bcmlr_closure_reclamation_abandoned_mines.pdf,/objects/small/bcmlr_closure_reclamation_abandoned_mines_sm.jpg,/objects/thumbs/bcmlr_closure_reclamation_abandoned_mines_th.jpg
bcsessional_10064128.pdf,/objects/bcsessional_10064128.pdf,/objects/small/bcsessional_10064128_sm.jpg,/objects/thumbs/bcsessional_10064128_th.jpg
bcsessional_10064162.pdf,/objects/bcsessional_10064162.pdf,/objects/small/bcsessional_10064162_sm.jpg,/objects/thumbs/bcsessional_10064162_th.jpg
blissspring.pdf,/objects/blissspring.pdf,/objects/small/blissspring_sm.jpg,/objects/thumbs/blissspring_th.jpg
campbell2015thenauticapediatugsandbargestoandfromjordanriverbc.pdf,/objects/campbell2015thenauticapediatugsandbargestoandfromjordanriverbc.pdf,/objects/small/campbell2015thenauticapediatugsandbargestoandfromjordanriverbc_sm.jpg,/objects/thumbs/campbell2015thenauticapediatugsandbargestoandfromjordanriverbc_th.jpg
campbell_2015_heritate_sites_and_areas_of_historical_interest_in_otter_point_history.pdf,/objects/campbell_2015_heritate_sites_and_areas_of_historical_interest_in_otter_point_history.pdf,/objects/small/campbell_2015_heritate_sites_and_areas_of_historical_interest_in_otter_point_history_sm.jpg,/objects/thumbs/campbell_2015_heritate_sites_and_areas_of_historical_interest_in_otter_point_history_th.jpg
casselman_2_15_who_is_watching_bcs_environmental_watch_dogs_in_bcbusiness.pdf,/objects/casselman_2_15_who_is_watching_bcs_environmental_watch_dogs_in_bcbusiness.pdf,/objects/small/casselman_2_15_who_is_watching_bcs_environmental_watch_dogs_in_bcbusiness_sm.jpg,/objects/thumbs/casselman_2_15_who_is_watching_bcs_environmental_watch_dogs_in_bcbusiness_th.jpg
chowicancoppermine1965.jpg,/objects/chowicancoppermine1965.jpg,/objects/small/chowicancoppermine1965_sm.jpg,/objects/thumbs/chowicancoppermine1965_th.jpg
clearingwherepowerhousewasbuiltjordanriver1908.jpg,/objects/clearingwherepowerhousewasbuiltjordanriver1908.jpg,/objects/small/clearingwherepowerhousewasbuiltjordanriver1908_sm.jpg,/objects/thumbs/clearingwherepowerhousewasbuiltjordanriver1908_th.jpg
daily_colonist _1969_02_25_massive_blast_opening_tunnel.pdf,/objects/daily_colonist _1969_02_25_massive_blast_opening_tunnel.pdf,/objects/small/daily_colonist _1969_02_25_massive_blast_opening_tunnel_sm.jpg,/objects/thumbs/daily_colonist _1969_02_25_massive_blast_opening_tunnel_th.jpg
daily_colonist_1936_05_31_little_rills_and_waters_numberless.pdf,/objects/daily_colonist_1936_05_31_little_rills_and_waters_numberless.pdf,/objects/small/daily_colonist_1936_05_31_little_rills_and_waters_numberless_sm.jpg,/objects/thumbs/daily_colonist_1936_05_31_little_rills_and_waters_numberless_th.jpg
daily_colonist_1968_07_07_pioneers_of_jr_hydro.pdf,/objects/daily_colonist_1968_07_07_pioneers_of_jr_hydro.pdf,/objects/small/daily_colonist_1968_07_07_pioneers_of_jr_hydro_sm.jpg,/objects/thumbs/daily_colonist_1968_07_07_pioneers_of_jr_hydro_th.jpg
daily_colonist_1969_05_11_hydro_project_hums.pdf,/objects/daily_colonist_1969_05_11_hydro_project_hums.pdf,/objects/small/daily_colonist_1969_05_11_hydro_project_hums_sm.jpg,/objects/thumbs/daily_colonist_1969_05_11_hydro_project_hums_th.jpg
daily_colonist_1970_08_30_power_play.pdf,/objects/daily_colonist_1970_08_30_power_play.pdf,/objects/small/daily_colonist_1970_08_30_power_play_sm.jpg,/objects/thumbs/daily_colonist_1970_08_30_power_play_th.jpg
daily_colonist_1971_11_21_eye_to_future.pdf,/objects/daily_colonist_1971_11_21_eye_to_future.pdf,/objects/small/daily_colonist_1971_11_21_eye_to_future_sm.jpg,/objects/thumbs/daily_colonist_1971_11_21_eye_to_future_th.jpg
daily_colonist_november_5_1964_island_to_double_share_of_mainland_power.pdf,/objects/daily_colonist_november_5_1964_island_to_double_share_of_mainland_power.pdf,/objects/small/daily_colonist_november_5_1964_island_to_double_share_of_mainland_power_sm.jpg,/objects/thumbs/daily_colonist_november_5_1964_island_to_double_share_of_mainland_power_th.jpg
davis_2017_jordan_river_restoration_bringing_back_the_habitat_bc_outdoors.pdf,/objects/davis_2017_jordan_river_restoration_bringing_back_the_habitat_bc_outdoors.pdf,/objects/small/davis_2017_jordan_river_restoration_bringing_back_the_habitat_bc_outdoors_sm.jpg,/objects/thumbs/davis_2017_jordan_river_restoration_bringing_back_the_habitat_bc_outdoors_th.jpg
dc_1968_dams_and_wildlife.pdf,/objects/dc_1968_dams_and_wildlife.pdf,/objects/small/dc_1968_dams_and_wildlife_sm.jpg,/objects/thumbs/dc_1968_dams_and_wildlife_th.jpg
dc_1968_pioneers_of_jr_had_courage_to_dream_and_dare.pdf,/objects/dc_1968_pioneers_of_jr_had_courage_to_dream_and_dare.pdf,/objects/small/dc_1968_pioneers_of_jr_had_courage_to_dream_and_dare_sm.jpg,/objects/thumbs/dc_1968_pioneers_of_jr_had_courage_to_dream_and_dare_th.jpg
dc_1969_new_power_system_underway_jr_enters_forth_boom.pdf,/objects/dc_1969_new_power_system_underway_jr_enters_forth_boom.pdf,/objects/small/dc_1969_new_power_system_underway_jr_enters_forth_boom_sm.jpg,/objects/thumbs/dc_1969_new_power_system_underway_jr_enters_forth_boom_th.jpg
ditidahtandpacheedaht2019treatyagreementinprinciple.pdf,/objects/ditidahtandpacheedaht2019treatyagreementinprinciple.pdf,/objects/small/ditidahtandpacheedaht2019treatyagreementinprinciple_sm.jpg,/objects/thumbs/ditidahtandpacheedaht2019treatyagreementinprinciple_th.jpg
ebarsky_mckechnie.pdf,/objects/ebarsky_mckechnie.pdf,/objects/small/ebarsky_mckechnie_sm.jpg,/objects/thumbs/ebarsky_mckechnie_th.jpg
edmonton_journal_1980_12_29_59_hotel_for_sale.jpg,/objects/edmonton_journal_1980_12_29_59_hotel_for_sale.jpg,/objects/small/edmonton_journal_1980_12_29_59_hotel_for_sale_sm.jpg,/objects/thumbs/edmonton_journal_1980_12_29_59_hotel_for_sale_th.jpg
elliot_lake_news_2024_vancouver_island_to_see_38_in_bc_hydro_upgrades_expansion_over_the_next_decade.pdf,/objects/elliot_lake_news_2024_vancouver_island_to_see_38_in_bc_hydro_upgrades_expansion_over_the_next_decade.pdf,/objects/small/elliot_lake_news_2024_vancouver_island_to_see_38_in_bc_hydro_upgrades_expansion_over_the_next_decade_sm.jpg,/objects/thumbs/elliot_lake_news_2024_vancouver_island_to_see_38_in_bc_hydro_upgrades_expansion_over_the_next_decade_th.jpg
factual_record_bc_mining_submission_98_4_ffr_en.pdf,/objects/factual_record_bc_mining_submission_98_4_ffr_en.pdf,/objects/small/factual_record_bc_mining_submission_98_4_ffr_en_sm.jpg,/objects/thumbs/factual_record_bc_mining_submission_98_4_ffr_en_th.jpg
fileid_15115.pdf,/objects/fileid_15115.pdf,/objects/small/fileid_15115_sm.jpg,/objects/thumbs/fileid_15115_th.jpg
fileid_15129.pdf,/objects/fileid_15129.pdf,/objects/small/fileid_15129_sm.jpg,/objects/thumbs/fileid_15129_th.jpg
fileid_15134.pdf,/objects/fileid_15134.pdf,/objects/small/fileid_15134_sm.jpg,/objects/thumbs/fileid_15134_th.jpg
fileid_61241.pdf,/objects/fileid_61241.pdf,/objects/small/fileid_61241_sm.jpg,/objects/thumbs/fileid_61241_th.jpg
fileid_61335.pdf,/objects/fileid_61335.pdf,/objects/small/fileid_61335_sm.jpg,/objects/thumbs/fileid_61335_th.jpg
final_jordan_solar_initial_project_description_and_early_engagement_plan_19dec23_deva.pdf,/objects/final_jordan_solar_initial_project_description_and_early_engagement_plan_19dec23_deva.pdf,/objects/small/final_jordan_solar_initial_project_description_and_early_engagement_plan_19dec23_deva_sm.jpg,/objects/thumbs/final_jordan_solar_initial_project_description_and_early_engagement_plan_19dec23_deva_th.jpg
firstnationrefs.pdf,/objects/firstnationrefs.pdf,/objects/small/firstnationrefs_sm.jpg,/objects/thumbs/firstnationrefs_th.jpg
forebaypond.jpg,/objects/forebaypond.jpg,/objects/small/forebaypond_sm.jpg,/objects/thumbs/forebaypond_th.jpg
golderassociates2007hydrgeologicalassessmentandwaterqualityofthewoodwastelandfillsite.pdf,/objects/golderassociates2007hydrgeologicalassessmentandwaterqualityofthewoodwastelandfillsite.pdf,/objects/small/golderassociates2007hydrgeologicalassessmentandwaterqualityofthewoodwastelandfillsite_sm.jpg,/objects/thumbs/golderassociates2007hydrgeologicalassessmentandwaterqualityofthewoodwastelandfillsite_th.jpg
golderassociates2008phase1environmenalsiteassessmentilkaydevel.pdf,/objects/golderassociates2008phase1environmenalsiteassessmentilkaydevel.pdf,/objects/small/golderassociates2008phase1environmenalsiteassessmentilkaydevel_sm.jpg,/objects/thumbs/golderassociates2008phase1environmenalsiteassessmentilkaydevel_th.jpg
highlightsfromtheancientfishtrapstudy_projectwatershed.pdf,/objects/highlightsfromtheancientfishtrapstudy_projectwatershed.pdf,/objects/small/highlightsfromtheancientfishtrapstudy_projectwatershed_sm.jpg,/objects/thumbs/highlightsfromtheancientfishtrapstudy_projectwatershed_th.jpg
hoffman_2017_a_tale_of_two_rivers_science_borealis.pdf,/objects/hoffman_2017_a_tale_of_two_rivers_science_borealis.pdf,/objects/small/hoffman_2017_a_tale_of_two_rivers_science_borealis_sm.jpg,/objects/thumbs/hoffman_2017_a_tale_of_two_rivers_science_borealis_th.jpg
homesatjr.jpg,/objects/homesatjr.jpg,/objects/small/homesatjr_sm.jpg,/objects/thumbs/homesatjr_th.jpg
hume_2016_the_rebirth_of_bc's_jordan_river_is_a_victory_of_biological_activism_globe_and_mail.pdf,/objects/hume_2016_the_rebirth_of_bc's_jordan_river_is_a_victory_of_biological_activism_globe_and_mail.pdf,/objects/small/hume_2016_the_rebirth_of_bc's_jordan_river_is_a_victory_of_biological_activism_globe_and_mail_sm.jpg,/objects/thumbs/hume_2016_the_rebirth_of_bc's_jordan_river_is_a_victory_of_biological_activism_globe_and_mail_th.jpg
hydro_june_10_1994_reviewing_operational_issues_times_colonist_1994_06_10_11.pdf,/objects/hydro_june_10_1994_reviewing_operational_issues_times_colonist_1994_06_10_11.pdf,/objects/small/hydro_june_10_1994_reviewing_operational_issues_times_colonist_1994_06_10_11_sm.jpg,/objects/thumbs/hydro_june_10_1994_reviewing_operational_issues_times_colonist_1994_06_10_11_th.jpg
ilkayaltdevplan.pdf,/objects/ilkayaltdevplan.pdf,/objects/small/ilkayaltdevplan_sm.jpg,/objects/thumbs/ilkayaltdevplan_th.jpg
ilkaydevelopmentcorp2008developersaltermatevisionforjr.pdf,/objects/ilkaydevelopmentcorp2008developersaltermatevisionforjr.pdf,/objects/small/ilkaydevelopmentcorp2008developersaltermatevisionforjr_sm.jpg,/objects/thumbs/ilkaydevelopmentcorp2008developersaltermatevisionforjr_th.jpg
issue2007_03.pdf,/objects/issue2007_03.pdf,/objects/small/issue2007_03_sm.jpg,/objects/thumbs/issue2007_03_th.jpg
ita_pacheedaht.pdf,/objects/ita_pacheedaht.pdf,/objects/small/ita_pacheedaht_sm.jpg,/objects/thumbs/ita_pacheedaht_th.jpg
jordan_solar_location.pdf,/objects/jordan_solar_location.pdf,/objects/small/jordan_solar_location_sm.jpg,/objects/thumbs/jordan_solar_location_th.jpg
jr1962provincejranenchantingplace.pdf,/objects/jr1962provincejranenchantingplace.pdf,/objects/small/jr1962provincejranenchantingplace_sm.jpg,/objects/thumbs/jr1962provincejranenchantingplace_th.jpg
jrdc1936littlerillsandwatersumberless.pdf,/objects/jrdc1936littlerillsandwatersumberless.pdf,/objects/small/jrdc1936littlerillsandwatersumberless_sm.jpg,/objects/thumbs/jrdc1936littlerillsandwatersumberless_th.jpg
jrestuary.png,/objects/jrestuary.png,/objects/small/jrestuary_sm.jpg,/objects/thumbs/jrestuary_th.jpg
jrestuary2.png,/objects/jrestuary2.png,/objects/small/jrestuary2_sm.jpg,/objects/thumbs/jrestuary2_th.jpg
keystoneenvironmental2011bcpreapproval.pdf,/objects/keystoneenvironmental2011bcpreapproval.pdf,/objects/small/keystoneenvironmental2011bcpreapproval_sm.jpg,/objects/thumbs/keystoneenvironmental2011bcpreapproval_th.jpg
keystoneenvironmental2012appendixkwoodwastelandfill.pdf,/objects/keystoneenvironmental2012appendixkwoodwastelandfill.pdf,/objects/small/keystoneenvironmental2012appendixkwoodwastelandfill_sm.jpg,/objects/thumbs/keystoneenvironmental2012appendixkwoodwastelandfill_th.jpg
keystoneenvironmental2012reportoffindingswfp.pdf,/objects/keystoneenvironmental2012reportoffindingswfp.pdf,/objects/small/keystoneenvironmental2012reportoffindingswfp_sm.jpg,/objects/thumbs/keystoneenvironmental2012reportoffindingswfp_th.jpg
keystoneenvironmental2012summaryofsitecondition.pdf,/objects/keystoneenvironmental2012summaryofsitecondition.pdf,/objects/small/keystoneenvironmental2012summaryofsitecondition_sm.jpg,/objects/thumbs/keystoneenvironmental2012summaryofsitecondition_th.jpg
keystoneenvironmental2014treatmentofwoodwastejordanriverpowerpoint.pdf,/objects/keystoneenvironmental2014treatmentofwoodwastejordanriverpowerpoint.pdf,/objects/small/keystoneenvironmental2014treatmentofwoodwastejordanriverpowerpoint_sm.jpg,/objects/thumbs/keystoneenvironmental2014treatmentofwoodwastejordanriverpowerpoint_th.jpg
khatibi_2021_discoverarticle_can_public_awareness_knowledge.pdf,/objects/khatibi_2021_discoverarticle_can_public_awareness_knowledge.pdf,/objects/small/khatibi_2021_discoverarticle_can_public_awareness_knowledge_sm.jpg,/objects/thumbs/khatibi_2021_discoverarticle_can_public_awareness_knowledge_th.jpg
knowbc_website_2022_traps_and_weirs_in_knowbc.pdf,/objects/knowbc_website_2022_traps_and_weirs_in_knowbc.pdf,/objects/small/knowbc_website_2022_traps_and_weirs_in_knowbc_sm.jpg,/objects/thumbs/knowbc_website_2022_traps_and_weirs_in_knowbc_th.jpg
loggingopitem.png,/objects/loggingopitem.png,/objects/small/loggingopitem_sm.jpg,/objects/thumbs/loggingopitem_th.jpg
lupnewsletter.pdf,/objects/lupnewsletter.pdf,/objects/small/lupnewsletter_sm.jpg,/objects/thumbs/lupnewsletter_th.jpg
macfarlane_2017_fish _traps_on_the_british_columbia_coast_in_the_nauticapedia.pdf,/objects/macfarlane_2017_fish _traps_on_the_british_columbia_coast_in_the_nauticapedia.pdf,/objects/small/macfarlane_2017_fish _traps_on_the_british_columbia_coast_in_the_nauticapedia_sm.jpg,/objects/thumbs/macfarlane_2017_fish _traps_on_the_british_columbia_coast_in_the_nauticapedia_th.jpg
marriman_1968_impact_of_jr_tailrace_closure_outdoors_columin_in_dc.pdf,/objects/marriman_1968_impact_of_jr_tailrace_closure_outdoors_columin_in_dc.pdf,/objects/small/marriman_1968_impact_of_jr_tailrace_closure_outdoors_columin_in_dc_sm.jpg,/objects/thumbs/marriman_1968_impact_of_jr_tailrace_closure_outdoors_columin_in_dc_th.jpg
mcletla07Apr2016.pdf,/objects/mcletla07Apr2016.pdf,/objects/small/mcletla07apr2016_sm.jpg,/objects/thumbs/mcletla07apr2016_th.jpg
micfitz_2015_the_rise_and_demise_of_jh_todd_and_sons_british_columbias_enduring_independent_salmon_canners.pdf,/objects/micfitz_2015_the_rise_and_demise_of_jh_todd_and_sons_british_columbias_enduring_independent_salmon_canners.pdf,/objects/small/micfitz_2015_the_rise_and_demise_of_jh_todd_and_sons_british_columbias_enduring_independent_salmon_canners_sm.jpg,/objects/thumbs/micfitz_2015_the_rise_and_demise_of_jh_todd_and_sons_british_columbias_enduring_independent_salmon_canners_th.jpg
millerd_2000_turning_points_in_the_development_of_the_bc_salmon_fishery.pdf,/objects/millerd_2000_turning_points_in_the_development_of_the_bc_salmon_fishery.pdf,/objects/small/millerd_2000_turning_points_in_the_development_of_the_bc_salmon_fishery_sm.jpg,/objects/thumbs/millerd_2000_turning_points_in_the_development_of_the_bc_salmon_fishery_th.jpg
millerd_2007_early_attempts_to_establish_exclusive_rights_in_the_bc_salmon_industry.pdf,/objects/millerd_2007_early_attempts_to_establish_exclusive_rights_in_the_bc_salmon_industry.pdf,/objects/small/millerd_2007_early_attempts_to_establish_exclusive_rights_in_the_bc_salmon_industry_sm.jpg,/objects/thumbs/millerd_2007_early_attempts_to_establish_exclusive_rights_in_the_bc_salmon_industry_th.jpg
nelsondaymin1904new_canner_capital_city_packing_jr_and_beecher_bay_evidence_of_fish_traps_in_jordan_river_1_7_9.pdf,/objects/nelsondaymin1904new_canner_capital_city_packing_jr_and_beecher_bay_evidence_of_fish_traps_in_jordan_river_1_7_9.pdf,/objects/small/nelsondaymin1904new_canner_capital_city_packing_jr_and_beecher_bay_evidence_of_fish_traps_in_jordan_river_1_7_9_sm.jpg,/objects/thumbs/nelsondaymin1904new_canner_capital_city_packing_jr_and_beecher_bay_evidence_of_fish_traps_in_jordan_river_1_7_9_th.jpg
nelsondaymin_1901_longest_cable_in_the_word_pg1col5para6.pdf,/objects/nelsondaymin_1901_longest_cable_in_the_word_pg1col5para6.pdf,/objects/small/nelsondaymin_1901_longest_cable_in_the_word_pg1col5para6_sm.jpg,/objects/thumbs/nelsondaymin_1901_longest_cable_in_the_word_pg1col5para6_th.jpg
new_west_1906_1_2_4.pdf,/objects/new_west_1906_1_2_4.pdf,/objects/small/new_west_1906_1_2_4_sm.jpg,/objects/thumbs/new_west_1906_1_2_4_th.jpg
nnmo_daytele_1894_body_in_surf_at_lost_river_pg2col1para7.pdf,/objects/nnmo_daytele_1894_body_in_surf_at_lost_river_pg2col1para7.pdf,/objects/small/nnmo_daytele_1894_body_in_surf_at_lost_river_pg2col1para7_sm.jpg,/objects/thumbs/nnmo_daytele_1894_body_in_surf_at_lost_river_pg2col1para7_th.jpg
nnmo_daytele_1894_ship_run_ashore_in_jr_pg6col1para9.pdf,/objects/nnmo_daytele_1894_ship_run_ashore_in_jr_pg6col1para9.pdf,/objects/small/nnmo_daytele_1894_ship_run_ashore_in_jr_pg6col1para9_sm.jpg,/objects/thumbs/nnmo_daytele_1894_ship_run_ashore_in_jr_pg6col1para9_th.jpg
northern_miner_1973_jordan_river_mill_reaches_capacity.pdf,/objects/northern_miner_1973_jordan_river_mill_reaches_capacity.pdf,/objects/small/northern_miner_1973_jordan_river_mill_reaches_capacity_sm.jpg,/objects/thumbs/northern_miner_1973_jordan_river_mill_reaches_capacity_th.jpg
northern_miner_1975_chatham_resources_acquires_property.pdf,/objects/northern_miner_1975_chatham_resources_acquires_property.pdf,/objects/small/northern_miner_1975_chatham_resources_acquires_property_sm.jpg,/objects/thumbs/northern_miner_1975_chatham_resources_acquires_property_th.jpg
northern_miner_2012_a_century_of_discovery_ame_bc .pdf,/objects/northern_miner_2012_a_century_of_discovery_ame_bc .pdf,/objects/small/northern_miner_2012_a_century_of_discovery_ame_bc _sm.jpg,/objects/thumbs/northern_miner_2012_a_century_of_discovery_ame_bc _th.jpg
nunn_2023_repair_and_the_2014_mount_polley_mine_disaster.pdf,/objects/nunn_2023_repair_and_the_2014_mount_polley_mine_disaster.pdf,/objects/small/nunn_2023_repair_and_the_2014_mount_polley_mine_disaster_sm.jpg,/objects/thumbs/nunn_2023_repair_and_the_2014_mount_polley_mine_disaster_th.jpg
obrien_1993_being_a_scientists_means_taking_sides.pdf,/objects/obrien_1993_being_a_scientists_means_taking_sides.pdf,/objects/small/obrien_1993_being_a_scientists_means_taking_sides_sm.jpg,/objects/thumbs/obrien_1993_being_a_scientists_means_taking_sides_th.jpg
officialcommunityplanforshirleyjordanriverbylawno.pdf,/objects/officialcommunityplanforshirleyjordanriverbylawno.pdf,/objects/small/officialcommunityplanforshirleyjordanriverbylawno_sm.jpg,/objects/thumbs/officialcommunityplanforshirleyjordanriverbylawno_th.jpg
opssra_newsletter_2015_did_you_know_that_history_of_svi_logging.pdf,/objects/opssra_newsletter_2015_did_you_know_that_history_of_svi_logging.pdf,/objects/small/opssra_newsletter_2015_did_you_know_that_history_of_svi_logging_sm.jpg,/objects/thumbs/opssra_newsletter_2015_did_you_know_that_history_of_svi_logging_th.jpg
payton_2021_like_a_hotel_california_for_fish_in_the_tyee.pdf,/objects/payton_2021_like_a_hotel_california_for_fish_in_the_tyee.pdf,/objects/small/payton_2021_like_a_hotel_california_for_fish_in_the_tyee_sm.jpg,/objects/thumbs/payton_2021_like_a_hotel_california_for_fish_in_the_tyee_th.jpg
payton_2022_can_ancient_indigenous_technology_help_save_bcs_salmon_in_the_walrus.pdf,/objects/payton_2022_can_ancient_indigenous_technology_help_save_bcs_salmon_in_the_walrus.pdf,/objects/small/payton_2022_can_ancient_indigenous_technology_help_save_bcs_salmon_in_the_walrus_sm.jpg,/objects/thumbs/payton_2022_can_ancient_indigenous_technology_help_save_bcs_salmon_in_the_walrus_th.jpg
peers2011jordanriverdrewattentionin1923insookenewsmirror.pdf,/objects/peers2011jordanriverdrewattentionin1923insookenewsmirror.pdf,/objects/small/peers2011jordanriverdrewattentionin1923insookenewsmirror_sm.jpg,/objects/thumbs/peers2011jordanriverdrewattentionin1923insookenewsmirror_th.jpg
peers2014thefamilythatbuiltjordanriverinsookenewsmirror.pdf,/objects/peers2014thefamilythatbuiltjordanriverinsookenewsmirror.pdf,/objects/small/peers2014thefamilythatbuiltjordanriverinsookenewsmirror_sm.jpg,/objects/thumbs/peers2014thefamilythatbuiltjordanriverinsookenewsmirror_th.jpg
peers2015jordanriverdamworryrevisitedinsookenewsmirror.pdf,/objects/peers2015jordanriverdamworryrevisitedinsookenewsmirror.pdf,/objects/small/peers2015jordanriverdamworryrevisitedinsookenewsmirror_sm.jpg,/objects/thumbs/peers2015jordanriverdamworryrevisitedinsookenewsmirror_th.jpg
peers2019jordanriverforestryacontrastindecadesinsookenewsmirror.pdf,/objects/peers2019jordanriverforestryacontrastindecadesinsookenewsmirror.pdf,/objects/small/peers2019jordanriverforestryacontrastindecadesinsookenewsmirror_sm.jpg,/objects/thumbs/peers2019jordanriverforestryacontrastindecadesinsookenewsmirror_th.jpg
peers_2012_sooke_once_had_a_salmon_cannery_in_sooke_news_mirror.pdf,/objects/peers_2012_sooke_once_had_a_salmon_cannery_in_sooke_news_mirror.pdf,/objects/small/peers_2012_sooke_once_had_a_salmon_cannery_in_sooke_news_mirror_sm.jpg,/objects/thumbs/peers_2012_sooke_once_had_a_salmon_cannery_in_sooke_news_mirror_th.jpg
peers_2016_living_on_a_salmon_trap_in_sooke_news_mirror.pdf,/objects/peers_2016_living_on_a_salmon_trap_in_sooke_news_mirror.pdf,/objects/small/peers_2016_living_on_a_salmon_trap_in_sooke_news_mirror_sm.jpg,/objects/thumbs/peers_2016_living_on_a_salmon_trap_in_sooke_news_mirror_th.jpg
peers_2020_the_jordan_river_flume_in_sooke_news_mirror.pdf,/objects/peers_2020_the_jordan_river_flume_in_sooke_news_mirror.pdf,/objects/small/peers_2020_the_jordan_river_flume_in_sooke_news_mirror_sm.jpg,/objects/thumbs/peers_2020_the_jordan_river_flume_in_sooke_news_mirror_th.jpg
plummer2018pacheedahtreflectontheiroriginsinhashilthsa.pdf,/objects/plummer2018pacheedahtreflectontheiroriginsinhashilthsa.pdf,/objects/small/plummer2018pacheedahtreflectontheiroriginsinhashilthsa_sm.jpg,/objects/thumbs/plummer2018pacheedahtreflectontheiroriginsinhashilthsa_th.jpg
pnf2017lup_newsletter.pdf,/objects/pnf2017lup_newsletter.pdf,/objects/small/pnf2017lup_newsletter_sm.jpg,/objects/thumbs/pnf2017lup_newsletter_th.jpg
project_watershed_website_highlights_from_the_ancient_fish_trap_study.pdf,/objects/project_watershed_website_highlights_from_the_ancient_fish_trap_study.pdf,/objects/small/project_watershed_website_highlights_from_the_ancient_fish_trap_study_sm.jpg,/objects/thumbs/project_watershed_website_highlights_from_the_ancient_fish_trap_study_th.jpg
rcbmhydroflume.png,/objects/rcbmhydroflume.png,/objects/small/rcbmhydroflume_sm.jpg,/objects/thumbs/rcbmhydroflume_th.jpg
reviewoffirstnationresources.pdf,/objects/reviewoffirstnationresources.pdf,/objects/small/reviewoffirstnationresources_sm.jpg,/objects/thumbs/reviewoffirstnationresources_th.jpg
rmcbhsunloch1919rail1.png,/objects/rmcbhsunloch1919rail1.png,/objects/small/rmcbhsunloch1919rail1_sm.jpg,/objects/thumbs/rmcbhsunloch1919rail1_th.jpg
rmcbhsunloch1919rail2.png,/objects/rmcbhsunloch1919rail2.png,/objects/small/rmcbhsunloch1919rail2_sm.jpg,/objects/thumbs/rmcbhsunloch1919rail2_th.jpg
rmcbhsunloch1919rail3.png,/objects/rmcbhsunloch1919rail3.png,/objects/small/rmcbhsunloch1919rail3_sm.jpg,/objects/thumbs/rmcbhsunloch1919rail3_th.jpg
ross_lindeman_and_kirste_2019_characterization_of_as_and_se_in_pyrites_form_two_historic_mines_sunro_sullivan.pdf,/objects/ross_lindeman_and_kirste_2019_characterization_of_as_and_se_in_pyrites_form_two_historic_mines_sunro_sullivan.pdf,/objects/small/ross_lindeman_and_kirste_2019_characterization_of_as_and_se_in_pyrites_form_two_historic_mines_sunro_sullivan_sm.jpg,/objects/thumbs/ross_lindeman_and_kirste_2019_characterization_of_as_and_se_in_pyrites_form_two_historic_mines_sunro_sullivan_th.jpg
selkirk2021anunderwatermysteryoncanada'scoastinbbctravel.pdf,/objects/selkirk2021anunderwatermysteryoncanada'scoastinbbctravel.pdf,/objects/small/selkirk2021anunderwatermysteryoncanada'scoastinbbctravel_sm.jpg,/objects/thumbs/selkirk2021anunderwatermysteryoncanada'scoastinbbctravel_th.jpg
selkirk_2021_an_underwater_mystery_on_canadas_coast_in_bbc_website.pdf,/objects/selkirk_2021_an_underwater_mystery_on_canadas_coast_in_bbc_website.pdf,/objects/small/selkirk_2021_an_underwater_mystery_on_canadas_coast_in_bbc_website_sm.jpg,/objects/thumbs/selkirk_2021_an_underwater_mystery_on_canadas_coast_in_bbc_website_th.jpg
shearman_2002_mining_watch_canada_submarine_tailings_disposal.pdf,/objects/shearman_2002_mining_watch_canada_submarine_tailings_disposal.pdf,/objects/small/shearman_2002_mining_watch_canada_submarine_tailings_disposal_sm.jpg,/objects/thumbs/shearman_2002_mining_watch_canada_submarine_tailings_disposal_th.jpg
siyam2022facultyofenvironmentstepintotheriveraframeworkforeconomicreconciliation.pdf,/objects/siyam2022facultyofenvironmentstepintotheriveraframeworkforeconomicreconciliation.pdf,/objects/small/siyam2022facultyofenvironmentstepintotheriveraframeworkforeconomicreconciliation_sm.jpg,/objects/thumbs/siyam2022facultyofenvironmentstepintotheriveraframeworkforeconomicreconciliation_th.jpg
smart_2016_jordan_river_surfing_area_to_be_tested_for_pollutiontimes_colonist.pdf,/objects/smart_2016_jordan_river_surfing_area_to_be_tested_for_pollutiontimes_colonist.pdf,/objects/small/smart_2016_jordan_river_surfing_area_to_be_tested_for_pollutiontimes_colonist_sm.jpg,/objects/thumbs/smart_2016_jordan_river_surfing_area_to_be_tested_for_pollutiontimes_colonist_th.jpg
soehl_1993_impact_assessment_of_metal_mines_in_bc_a_manuscript_report_prepared_for_cearc_en107_3_136_1993_eng.pdf,/objects/soehl_1993_impact_assessment_of_metal_mines_in_bc_a_manuscript_report_prepared_for_cearc_en107_3_136_1993_eng.pdf,/objects/small/soehl_1993_impact_assessment_of_metal_mines_in_bc_a_manuscript_report_prepared_for_cearc_en107_3_136_1993_eng_sm.jpg,/objects/thumbs/soehl_1993_impact_assessment_of_metal_mines_in_bc_a_manuscript_report_prepared_for_cearc_en107_3_136_1993_eng_th.jpg
sookejr.jpg,/objects/sookejr.jpg,/objects/small/sookejr_sm.jpg,/objects/thumbs/sookejr_th.jpg
stepintotheriveracknowledgments.png,/objects/stepintotheriveracknowledgments.png,/objects/small/stepintotheriveracknowledgments_sm.jpg,/objects/thumbs/stepintotheriveracknowledgments_th.jpg
steve_hume_2013_provincial_failures_on_mining_pollution_leaving_taxpayers_on_the_hook_vancouver_sun.pdf,/objects/steve_hume_2013_provincial_failures_on_mining_pollution_leaving_taxpayers_on_the_hook_vancouver_sun.pdf,/objects/small/steve_hume_2013_provincial_failures_on_mining_pollution_leaving_taxpayers_on_the_hook_vancouver_sun_sm.jpg,/objects/thumbs/steve_hume_2013_provincial_failures_on_mining_pollution_leaving_taxpayers_on_the_hook_vancouver_sun_th.jpg
sunro_1974_closure_of_mine_costs_63_jobs_daily_colonist.pdf,/objects/sunro_1974_closure_of_mine_costs_63_jobs_daily_colonist.pdf,/objects/small/sunro_1974_closure_of_mine_costs_63_jobs_daily_colonist_sm.jpg,/objects/thumbs/sunro_1974_closure_of_mine_costs_63_jobs_daily_colonist_th.jpg
sunro_april_17_1971_mine_dump_hearing_up_in_air_times_colonist_1971_04_17_23.pdf,/objects/sunro_april_17_1971_mine_dump_hearing_up_in_air_times_colonist_1971_04_17_23.pdf,/objects/small/sunro_april_17_1971_mine_dump_hearing_up_in_air_times_colonist_1971_04_17_23_sm.jpg,/objects/thumbs/sunro_april_17_1971_mine_dump_hearing_up_in_air_times_colonist_1971_04_17_23_th.jpg
sunro_april_4_1971_victoria_daily_colonist_our_readers_views_in_reply_by_bower_and_lajeunesse.pdf,/objects/sunro_april_4_1971_victoria_daily_colonist_our_readers_views_in_reply_by_bower_and_lajeunesse.pdf,/objects/small/sunro_april_4_1971_victoria_daily_colonist_our_readers_views_in_reply_by_bower_and_lajeunesse_sm.jpg,/objects/thumbs/sunro_april_4_1971_victoria_daily_colonist_our_readers_views_in_reply_by_bower_and_lajeunesse_th.jpg
sunro_april_5_1971_times_colonist_spec_urges_mine_meeting.pdf,/objects/sunro_april_5_1971_times_colonist_spec_urges_mine_meeting.pdf,/objects/small/sunro_april_5_1971_times_colonist_spec_urges_mine_meeting_sm.jpg,/objects/thumbs/sunro_april_5_1971_times_colonist_spec_urges_mine_meeting_th.jpg
sunro_april_6_1971_province_spec_calls_for_hearing_on_mine_application.pdf,/objects/sunro_april_6_1971_province_spec_calls_for_hearing_on_mine_application.pdf,/objects/small/sunro_april_6_1971_province_spec_calls_for_hearing_on_mine_application_sm.jpg,/objects/thumbs/sunro_april_6_1971_province_spec_calls_for_hearing_on_mine_application_th.jpg
sunro_august_10_1971_rigid_controls_police_sunros_strait_dumping_times_colonist_1971_08_10_5.pdf,/objects/sunro_august_10_1971_rigid_controls_police_sunros_strait_dumping_times_colonist_1971_08_10_5.pdf,/objects/small/sunro_august_10_1971_rigid_controls_police_sunros_strait_dumping_times_colonist_1971_08_10_5_sm.jpg,/objects/thumbs/sunro_august_10_1971_rigid_controls_police_sunros_strait_dumping_times_colonist_1971_08_10_5_th.jpg
sunro_august_11_1971_dison_gets_permit_to_dump_effluent_the_vancouver_sun_1971_08_11_38.pdf,/objects/sunro_august_11_1971_dison_gets_permit_to_dump_effluent_the_vancouver_sun_1971_08_11_38.pdf,/objects/small/sunro_august_11_1971_dison_gets_permit_to_dump_effluent_the_vancouver_sun_1971_08_11_38_sm.jpg,/objects/thumbs/sunro_august_11_1971_dison_gets_permit_to_dump_effluent_the_vancouver_sun_1971_08_11_38_th.jpg
sunro_august_11_1971_sunro_to_start_hiring_for_quick_production_times_colonist_1971_08_11_1.pdf,/objects/sunro_august_11_1971_sunro_to_start_hiring_for_quick_production_times_colonist_1971_08_11_1.pdf,/objects/small/sunro_august_11_1971_sunro_to_start_hiring_for_quick_production_times_colonist_1971_08_11_1_sm.jpg,/objects/thumbs/sunro_august_11_1971_sunro_to_start_hiring_for_quick_production_times_colonist_1971_08_11_1_th.jpg
sunro_august_12_1971_times_colonist_mine_will_reopen.pdf,/objects/sunro_august_12_1971_times_colonist_mine_will_reopen.pdf,/objects/small/sunro_august_12_1971_times_colonist_mine_will_reopen_sm.jpg,/objects/thumbs/sunro_august_12_1971_times_colonist_mine_will_reopen_th.jpg
sunro_august_16_1963_cowichan_liabilities_top_assets_the_province_1963_08_16_14.pdf,/objects/sunro_august_16_1963_cowichan_liabilities_top_assets_the_province_1963_08_16_14.pdf,/objects/small/sunro_august_16_1963_cowichan_liabilities_top_assets_the_province_1963_08_16_14_sm.jpg,/objects/thumbs/sunro_august_16_1963_cowichan_liabilities_top_assets_the_province_1963_08_16_14_th.jpg
sunro_august_17_1956_large_copper_mining_development_being_carrieson_in_the_moncton_transcript_1956_08_17_4.pdf,/objects/sunro_august_17_1956_large_copper_mining_development_being_carrieson_in_the_moncton_transcript_1956_08_17_4.pdf,/objects/small/sunro_august_17_1956_large_copper_mining_development_being_carrieson_in_the_moncton_transcript_1956_08_17_4_sm.jpg,/objects/thumbs/sunro_august_17_1956_large_copper_mining_development_being_carrieson_in_the_moncton_transcript_1956_08_17_4_th.jpg
sunro_august_19_1969_listing_may_reopen_jordan_river_mine_times_colonist_1969_08_19_2.pdf,/objects/sunro_august_19_1969_listing_may_reopen_jordan_river_mine_times_colonist_1969_08_19_2.pdf,/objects/small/sunro_august_19_1969_listing_may_reopen_jordan_river_mine_times_colonist_1969_08_19_2_sm.jpg,/objects/thumbs/sunro_august_19_1969_listing_may_reopen_jordan_river_mine_times_colonist_1969_08_19_2_th.jpg
sunro_august_21_1973_george_winkler_man_of_a_passing_race_times_colonist_1973_08_21_17.pdf,/objects/sunro_august_21_1973_george_winkler_man_of_a_passing_race_times_colonist_1973_08_21_17.pdf,/objects/small/sunro_august_21_1973_george_winkler_man_of_a_passing_race_times_colonist_1973_08_21_17_sm.jpg,/objects/thumbs/sunro_august_21_1973_george_winkler_man_of_a_passing_race_times_colonist_1973_08_21_17_th.jpg
sunro_august_28_1973_jordan_river_mine_operators_bid_for_svse_reinstatement_times_colonist_1973_08_28_9.pdf,/objects/sunro_august_28_1973_jordan_river_mine_operators_bid_for_svse_reinstatement_times_colonist_1973_08_28_9.pdf,/objects/small/sunro_august_28_1973_jordan_river_mine_operators_bid_for_svse_reinstatement_times_colonist_1973_08_28_9_sm.jpg,/objects/thumbs/sunro_august_28_1973_jordan_river_mine_operators_bid_for_svse_reinstatement_times_colonist_1973_08_28_9_th.jpg
sunro_december_13_1963_victoria_daily_times_mine_pollution_in_jr.pdf,/objects/sunro_december_13_1963_victoria_daily_times_mine_pollution_in_jr.pdf,/objects/small/sunro_december_13_1963_victoria_daily_times_mine_pollution_in_jr_sm.jpg,/objects/thumbs/sunro_december_13_1963_victoria_daily_times_mine_pollution_in_jr_th.jpg
sunro_december_14_1973_vancouver_sun_mining_company_fined.pdf,/objects/sunro_december_14_1973_vancouver_sun_mining_company_fined.pdf,/objects/small/sunro_december_14_1973_vancouver_sun_mining_company_fined_sm.jpg,/objects/thumbs/sunro_december_14_1973_vancouver_sun_mining_company_fined_th.jpg
sunro_december_1963_times_colonist_photo_old_man_river_on_rampage.pdf,/objects/sunro_december_1963_times_colonist_photo_old_man_river_on_rampage.pdf,/objects/small/sunro_december_1963_times_colonist_photo_old_man_river_on_rampage_sm.jpg,/objects/thumbs/sunro_december_1963_times_colonist_photo_old_man_river_on_rampage_th.jpg
sunro_december_7_1963_victoria_daily_times_heavy_rain_to_delay_flooded_mine_repair.pdf,/objects/sunro_december_7_1963_victoria_daily_times_heavy_rain_to_delay_flooded_mine_repair.pdf,/objects/small/sunro_december_7_1963_victoria_daily_times_heavy_rain_to_delay_flooded_mine_repair_sm.jpg,/objects/thumbs/sunro_december_7_1963_victoria_daily_times_heavy_rain_to_delay_flooded_mine_repair_th.jpg
sunro_december_7_1973_jr_mines_mill_reaches_90_capacity_northern_miner_fileid_15087.pdf,/objects/sunro_december_7_1973_jr_mines_mill_reaches_90_capacity_northern_miner_fileid_15087.pdf,/objects/small/sunro_december_7_1973_jr_mines_mill_reaches_90_capacity_northern_miner_fileid_15087_sm.jpg,/objects/thumbs/sunro_december_7_1973_jr_mines_mill_reaches_90_capacity_northern_miner_fileid_15087_th.jpg
sunro_december_9_1963_flood_may_keep_mine_close_indefinte_period_the_province_1963_12_09_22.pdf,/objects/sunro_december_9_1963_flood_may_keep_mine_close_indefinte_period_the_province_1963_12_09_22.pdf,/objects/small/sunro_december_9_1963_flood_may_keep_mine_close_indefinte_period_the_province_1963_12_09_22_sm.jpg,/objects/thumbs/sunro_december_9_1963_flood_may_keep_mine_close_indefinte_period_the_province_1963_12_09_22_th.jpg
sunro_february_22_1974_victorian_george_winkler_discovered_jordan_river_mine.pdf,/objects/sunro_february_22_1974_victorian_george_winkler_discovered_jordan_river_mine.pdf,/objects/small/sunro_february_22_1974_victorian_george_winkler_discovered_jordan_river_mine_sm.jpg,/objects/thumbs/sunro_february_22_1974_victorian_george_winkler_discovered_jordan_river_mine_th.jpg
sunro_february_6_1959_japanese_backing_edmonton_journal.pdf,/objects/sunro_february_6_1959_japanese_backing_edmonton_journal.pdf,/objects/small/sunro_february_6_1959_japanese_backing_edmonton_journal_sm.jpg,/objects/thumbs/sunro_february_6_1959_japanese_backing_edmonton_journal_th.jpg
sunro_february_7_1966_plenty_of_water_but_no_hazard_times_colonist_1966_02_07_3.pdf,/objects/sunro_february_7_1966_plenty_of_water_but_no_hazard_times_colonist_1966_02_07_3.pdf,/objects/small/sunro_february_7_1966_plenty_of_water_but_no_hazard_times_colonist_1966_02_07_3_sm.jpg,/objects/thumbs/sunro_february_7_1966_plenty_of_water_but_no_hazard_times_colonist_1966_02_07_3_th.jpg
sunro_january_30_1964_times_colonist_photo_clearing_mouth_of_jordan_river.pdf,/objects/sunro_january_30_1964_times_colonist_photo_clearing_mouth_of_jordan_river.pdf,/objects/small/sunro_january_30_1964_times_colonist_photo_clearing_mouth_of_jordan_river_sm.jpg,/objects/thumbs/sunro_january_30_1964_times_colonist_photo_clearing_mouth_of_jordan_river_th.jpg
sunro_january_7_1964_dam_burst_and_flooding_victoria_daily_times.pdf,/objects/sunro_january_7_1964_dam_burst_and_flooding_victoria_daily_times.pdf,/objects/small/sunro_january_7_1964_dam_burst_and_flooding_victoria_daily_times_sm.jpg,/objects/thumbs/sunro_january_7_1964_dam_burst_and_flooding_victoria_daily_times_th.jpg
sunro_january_8_1964_flood_menaces_logging_tow_times_colonist_1964_01_08_17.pdf,/objects/sunro_january_8_1964_flood_menaces_logging_tow_times_colonist_1964_01_08_17.pdf,/objects/small/sunro_january_8_1964_flood_menaces_logging_tow_times_colonist_1964_01_08_17_sm.jpg,/objects/thumbs/sunro_january_8_1964_flood_menaces_logging_tow_times_colonist_1964_01_08_17_th.jpg
sunro_january_9_1964_times_colonist_jordan_river_flood_threat_lessens.pdf,/objects/sunro_january_9_1964_times_colonist_jordan_river_flood_threat_lessens.pdf,/objects/small/sunro_january_9_1964_times_colonist_jordan_river_flood_threat_lessens_sm.jpg,/objects/thumbs/sunro_january_9_1964_times_colonist_jordan_river_flood_threat_lessens_th.jpg
sunro_january_9_1964_times_colonist_maverick_river_adds_to_island_mine_woe.pdf,/objects/sunro_january_9_1964_times_colonist_maverick_river_adds_to_island_mine_woe.pdf,/objects/small/sunro_january_9_1964_times_colonist_maverick_river_adds_to_island_mine_woe_sm.jpg,/objects/thumbs/sunro_january_9_1964_times_colonist_maverick_river_adds_to_island_mine_woe_th.jpg
sunro_january_9_1978_vancouver_sun_spec_seeking_foi_act.pdf,/objects/sunro_january_9_1978_vancouver_sun_spec_seeking_foi_act.pdf,/objects/small/sunro_january_9_1978_vancouver_sun_spec_seeking_foi_act_sm.jpg,/objects/thumbs/sunro_january_9_1978_vancouver_sun_spec_seeking_foi_act_th.jpg
sunro_july_24_1975_chatham_resources_acquire_property_northern_miner_006052.pdf,/objects/sunro_july_24_1975_chatham_resources_acquire_property_northern_miner_006052.pdf,/objects/small/sunro_july_24_1975_chatham_resources_acquire_property_northern_miner_006052_sm.jpg,/objects/thumbs/sunro_july_24_1975_chatham_resources_acquire_property_northern_miner_006052_th.jpg
sunro_july_27_1962_canadas_only_underground_ore_mill_opens_the_province_1962_07_27_9.pdf,/objects/sunro_july_27_1962_canadas_only_underground_ore_mill_opens_the_province_1962_07_27_9.pdf,/objects/small/sunro_july_27_1962_canadas_only_underground_ore_mill_opens_the_province_1962_07_27_9_sm.jpg,/objects/thumbs/sunro_july_27_1962_canadas_only_underground_ore_mill_opens_the_province_1962_07_27_9_th.jpg
sunro_july_5_1971_times_colonist_board_approves_dumping_of_tailings.pdf,/objects/sunro_july_5_1971_times_colonist_board_approves_dumping_of_tailings.pdf,/objects/small/sunro_july_5_1971_times_colonist_board_approves_dumping_of_tailings_sm.jpg,/objects/thumbs/sunro_july_5_1971_times_colonist_board_approves_dumping_of_tailings_th.jpg
sunro_july_7_1971_key_man_advised_to_sit_our_hearings_daily_colonist.pdf,/objects/sunro_july_7_1971_key_man_advised_to_sit_our_hearings_daily_colonist.pdf,/objects/small/sunro_july_7_1971_key_man_advised_to_sit_our_hearings_daily_colonist_sm.jpg,/objects/thumbs/sunro_july_7_1971_key_man_advised_to_sit_our_hearings_daily_colonist_th.jpg
sunro_july_9_1971_vancouver_sun_first_clean_the house.pdf,/objects/sunro_july_9_1971_vancouver_sun_first_clean_the house.pdf,/objects/small/sunro_july_9_1971_vancouver_sun_first_clean_the house_sm.jpg,/objects/thumbs/sunro_july_9_1971_vancouver_sun_first_clean_the house_th.jpg
sunro_june_11_1971_150_jogs_waiting_mine_boss_claims_the_vancouver_sun_1971_06_11_29.pdf,/objects/sunro_june_11_1971_150_jogs_waiting_mine_boss_claims_the_vancouver_sun_1971_06_11_29.pdf,/objects/small/sunro_june_11_1971_150_jogs_waiting_mine_boss_claims_the_vancouver_sun_1971_06_11_29_sm.jpg,/objects/thumbs/sunro_june_11_1971_150_jogs_waiting_mine_boss_claims_the_vancouver_sun_1971_06_11_29_th.jpg
sunro_june_14_1971_your_15500_letters_protesting_pollution_deluged_this-man_the_vancouver_sun_1971_01_14_6.pdf,/objects/sunro_june_14_1971_your_15500_letters_protesting_pollution_deluged_this-man_the_vancouver_sun_1971_01_14_6.pdf,/objects/small/sunro_june_14_1971_your_15500_letters_protesting_pollution_deluged_this-man_the_vancouver_sun_1971_01_14_6_sm.jpg,/objects/thumbs/sunro_june_14_1971_your_15500_letters_protesting_pollution_deluged_this-man_the_vancouver_sun_1971_01_14_6_th.jpg
sunro_june_16_1971_times_colonist_petition_seeks_reversal_of_discharge_decision.pdf,/objects/sunro_june_16_1971_times_colonist_petition_seeks_reversal_of_discharge_decision.pdf,/objects/small/sunro_june_16_1971_times_colonist_petition_seeks_reversal_of_discharge_decision_sm.jpg,/objects/thumbs/sunro_june_16_1971_times_colonist_petition_seeks_reversal_of_discharge_decision_th.jpg
sunro_june_1_1971_mine_dump_bid_refused_times_colonist_1971_06_01_2.pdf,/objects/sunro_june_1_1971_mine_dump_bid_refused_times_colonist_1971_06_01_2.pdf,/objects/small/sunro_june_1_1971_mine_dump_bid_refused_times_colonist_1971_06_01_2_sm.jpg,/objects/thumbs/sunro_june_1_1971_mine_dump_bid_refused_times_colonist_1971_06_01_2_th.jpg
sunro_june_2_1971_island_mine_discharge_disallowed_by_official_the_province.pdf,/objects/sunro_june_2_1971_island_mine_discharge_disallowed_by_official_the_province.pdf,/objects/small/sunro_june_2_1971_island_mine_discharge_disallowed_by_official_the_province_sm.jpg,/objects/thumbs/sunro_june_2_1971_island_mine_discharge_disallowed_by_official_the_province_th.jpg
sunro_june_4_1971_another_side_exists_to_sunro_decision_times_colonist_1971_06_04_21.pdf,/objects/sunro_june_4_1971_another_side_exists_to_sunro_decision_times_colonist_1971_06_04_21.pdf,/objects/small/sunro_june_4_1971_another_side_exists_to_sunro_decision_times_colonist_1971_06_04_21_sm.jpg,/objects/thumbs/sunro_june_4_1971_another_side_exists_to_sunro_decision_times_colonist_1971_06_04_21_th.jpg
sunro_june_4_1971_times_colonist_another_side_exists_to_sunro_decision.pdf,/objects/sunro_june_4_1971_times_colonist_another_side_exists_to_sunro_decision.pdf,/objects/small/sunro_june_4_1971_times_colonist_another_side_exists_to_sunro_decision_sm.jpg,/objects/thumbs/sunro_june_4_1971_times_colonist_another_side_exists_to_sunro_decision_th.jpg
sunro_june_8_1971_times_colonist_mine_developers_to_appeal_mine_ruling.pdf,/objects/sunro_june_8_1971_times_colonist_mine_developers_to_appeal_mine_ruling.pdf,/objects/small/sunro_june_8_1971_times_colonist_mine_developers_to_appeal_mine_ruling_sm.jpg,/objects/thumbs/sunro_june_8_1971_times_colonist_mine_developers_to_appeal_mine_ruling_th.jpg
sunro_june_9_1971_times_colonist_hearing_set_for_sunro_mine_appeal.pdf,/objects/sunro_june_9_1971_times_colonist_hearing_set_for_sunro_mine_appeal.pdf,/objects/small/sunro_june_9_1971_times_colonist_hearing_set_for_sunro_mine_appeal_sm.jpg,/objects/thumbs/sunro_june_9_1971_times_colonist_hearing_set_for_sunro_mine_appeal_th.jpg
sunro_march_18_1964_province_cowichan_credators_okay_offer.pdf,/objects/sunro_march_18_1964_province_cowichan_credators_okay_offer.pdf,/objects/small/sunro_march_18_1964_province_cowichan_credators_okay_offer_sm.jpg,/objects/thumbs/sunro_march_18_1964_province_cowichan_credators_okay_offer_th.jpg
sunro_march_21_1962_bill_fletcher_report_on_mine_opening_the_vancouver_sun_1962_03_21_25.pdf,/objects/sunro_march_21_1962_bill_fletcher_report_on_mine_opening_the_vancouver_sun_1962_03_21_25.pdf,/objects/small/sunro_march_21_1962_bill_fletcher_report_on_mine_opening_the_vancouver_sun_1962_03_21_25_sm.jpg,/objects/thumbs/sunro_march_21_1962_bill_fletcher_report_on_mine_opening_the_vancouver_sun_1962_03_21_25_th.jpg
sunro_march_28_1974_rocks_hide_wet_frenzy_the_mine_runs_uphill_victoria_express.pdf,/objects/sunro_march_28_1974_rocks_hide_wet_frenzy_the_mine_runs_uphill_victoria_express.pdf,/objects/small/sunro_march_28_1974_rocks_hide_wet_frenzy_the_mine_runs_uphill_victoria_express_sm.jpg,/objects/thumbs/sunro_march_28_1974_rocks_hide_wet_frenzy_the_mine_runs_uphill_victoria_express_th.jpg
sunro_march_3_1971_victoria_daily_times_jr_mine_discharge_in_outdoor_column.pdf,/objects/sunro_march_3_1971_victoria_daily_times_jr_mine_discharge_in_outdoor_column.pdf,/objects/small/sunro_march_3_1971_victoria_daily_times_jr_mine_discharge_in_outdoor_column_sm.jpg,/objects/thumbs/sunro_march_3_1971_victoria_daily_times_jr_mine_discharge_in_outdoor_column_th.jpg
sunro_march_7_1975_times_colonist_scramble_for_jobs_pays_off_for_29_from_jordan_river.pdf,/objects/sunro_march_7_1975_times_colonist_scramble_for_jobs_pays_off_for_29_from_jordan_river.pdf,/objects/small/sunro_march_7_1975_times_colonist_scramble_for_jobs_pays_off_for_29_from_jordan_river_sm.jpg,/objects/thumbs/sunro_march_7_1975_times_colonist_scramble_for_jobs_pays_off_for_29_from_jordan_river_th.jpg
sunro_may_10_1965_mine_looking_to_future_after_raveges_of_flood_times_colonist_1965_05_10_3.pdf,/objects/sunro_may_10_1965_mine_looking_to_future_after_raveges_of_flood_times_colonist_1965_05_10_3.pdf,/objects/small/sunro_may_10_1965_mine_looking_to_future_after_raveges_of_flood_times_colonist_1965_05_10_3_sm.jpg,/objects/thumbs/sunro_may_10_1965_mine_looking_to_future_after_raveges_of_flood_times_colonist_1965_05_10_3_th.jpg
sunro_may_19_1971_sunro_rebirth_pains_coming_on_strong_times_colonist_1971_05_19_9.pdf,/objects/sunro_may_19_1971_sunro_rebirth_pains_coming_on_strong_times_colonist_1971_05_19_9.pdf,/objects/small/sunro_may_19_1971_sunro_rebirth_pains_coming_on_strong_times_colonist_1971_05_19_9_sm.jpg,/objects/thumbs/sunro_may_19_1971_sunro_rebirth_pains_coming_on_strong_times_colonist_1971_05_19_9_th.jpg
sunro_may_19_1971_times_colonist_sunro_rebirth_pains_coming_on_strong.pdf,/objects/sunro_may_19_1971_times_colonist_sunro_rebirth_pains_coming_on_strong.pdf,/objects/small/sunro_may_19_1971_times_colonist_sunro_rebirth_pains_coming_on_strong_sm.jpg,/objects/thumbs/sunro_may_19_1971_times_colonist_sunro_rebirth_pains_coming_on_strong_th.jpg
sunro_may_22_1971_island_hard_luck_mine_reviving_the_province_1971_05_22_20.pdf,/objects/sunro_may_22_1971_island_hard_luck_mine_reviving_the_province_1971_05_22_20.pdf,/objects/small/sunro_may_22_1971_island_hard_luck_mine_reviving_the_province_1971_05_22_20_sm.jpg,/objects/thumbs/sunro_may_22_1971_island_hard_luck_mine_reviving_the_province_1971_05_22_20_th.jpg
sunro_may_5_1964_jordan_mine_now_free_of_water_nanaimo_daily_news.pdf,/objects/sunro_may_5_1964_jordan_mine_now_free_of_water_nanaimo_daily_news.pdf,/objects/small/sunro_may_5_1964_jordan_mine_now_free_of_water_nanaimo_daily_news_sm.jpg,/objects/thumbs/sunro_may_5_1964_jordan_mine_now_free_of_water_nanaimo_daily_news_th.jpg
sunro_mine_february_22_1963_cowichan_raises_ore_and_income_the_vancouver_sun_1963_02_22_23.pdf,/objects/sunro_mine_february_22_1963_cowichan_raises_ore_and_income_the_vancouver_sun_1963_02_22_23.pdf,/objects/small/sunro_mine_february_22_1963_cowichan_raises_ore_and_income_the_vancouver_sun_1963_02_22_23_sm.jpg,/objects/thumbs/sunro_mine_february_22_1963_cowichan_raises_ore_and_income_the_vancouver_sun_1963_02_22_23_th.jpg
sunro_november_10_1966_vancouver_sun_creditors_accept_new_deal.pdf,/objects/sunro_november_10_1966_vancouver_sun_creditors_accept_new_deal.pdf,/objects/small/sunro_november_10_1966_vancouver_sun_creditors_accept_new_deal_sm.jpg,/objects/thumbs/sunro_november_10_1966_vancouver_sun_creditors_accept_new_deal_th.jpg
sunro_november_16_1966_wage_judgement_in_hands_of_sheriff_times_colonist.pdf,/objects/sunro_november_16_1966_wage_judgement_in_hands_of_sheriff_times_colonist.pdf,/objects/small/sunro_november_16_1966_wage_judgement_in_hands_of_sheriff_times_colonist_sm.jpg,/objects/thumbs/sunro_november_16_1966_wage_judgement_in_hands_of_sheriff_times_colonist_th.jpg
sunro_november_22_1961_cowichan_to_ship_copper_to_japanese_the_vancouver_sun_1961_11_22_24.pdf,/objects/sunro_november_22_1961_cowichan_to_ship_copper_to_japanese_the_vancouver_sun_1961_11_22_24.pdf,/objects/small/sunro_november_22_1961_cowichan_to_ship_copper_to_japanese_the_vancouver_sun_1961_11_22_24_sm.jpg,/objects/thumbs/sunro_november_22_1961_cowichan_to_ship_copper_to_japanese_the_vancouver_sun_1961_11_22_24_th.jpg
sunro_november_22_1961_sunro_copper_shipment_to_japan_set_for_march_times_colonist_1961_11_22_2.pdf,/objects/sunro_november_22_1961_sunro_copper_shipment_to_japan_set_for_march_times_colonist_1961_11_22_2.pdf,/objects/small/sunro_november_22_1961_sunro_copper_shipment_to_japan_set_for_march_times_colonist_1961_11_22_2_sm.jpg,/objects/thumbs/sunro_november_22_1961_sunro_copper_shipment_to_japan_set_for_march_times_colonist_1961_11_22_2_th.jpg
sunro_october_11_2016_times_colonist_editorial_province_should_clean_up_mine_sites.pdf,/objects/sunro_october_11_2016_times_colonist_editorial_province_should_clean_up_mine_sites.pdf,/objects/small/sunro_october_11_2016_times_colonist_editorial_province_should_clean_up_mine_sites_sm.jpg,/objects/thumbs/sunro_october_11_2016_times_colonist_editorial_province_should_clean_up_mine_sites_th.jpg
sunro_october_17_2016_vancouver_sun_bc's_failure_on_mining_pollution.pdf,/objects/sunro_october_17_2016_vancouver_sun_bc's_failure_on_mining_pollution.pdf,/objects/small/sunro_october_17_2016_vancouver_sun_bc's_failure_on_mining_pollution_sm.jpg,/objects/thumbs/sunro_october_17_2016_vancouver_sun_bc's_failure_on_mining_pollution_th.jpg
sunro_october_24_1969_reopening_of_copper_min_at_jordan_river_planned_times_colonist_1969_10_24_11.pdf,/objects/sunro_october_24_1969_reopening_of_copper_min_at_jordan_river_planned_times_colonist_1969_10_24_11.pdf,/objects/small/sunro_october_24_1969_reopening_of_copper_min_at_jordan_river_planned_times_colonist_1969_10_24_11_sm.jpg,/objects/thumbs/sunro_october_24_1969_reopening_of_copper_min_at_jordan_river_planned_times_colonist_1969_10_24_11_th.jpg
sunro_october_2_1974_mine_goin_concern_except_a_the_bank_the_province.pdf,/objects/sunro_october_2_1974_mine_goin_concern_except_a_the_bank_the_province.pdf,/objects/small/sunro_october_2_1974_mine_goin_concern_except_a_the_bank_the_province_sm.jpg,/objects/thumbs/sunro_october_2_1974_mine_goin_concern_except_a_the_bank_the_province_th.jpg
sunro_october_4_1956_mine_projects_at_jordan_river_to_be_launched_nanaimo_daily_news.pdf,/objects/sunro_october_4_1956_mine_projects_at_jordan_river_to_be_launched_nanaimo_daily_news.pdf,/objects/small/sunro_october_4_1956_mine_projects_at_jordan_river_to_be_launched_nanaimo_daily_news_sm.jpg,/objects/thumbs/sunro_october_4_1956_mine_projects_at_jordan_river_to_be_launched_nanaimo_daily_news_th.jpg
"sunro_october_8_2016, Vancouer Sun,  B.C. mines ministry investigating pollution from old Vancouver Island mine.pdf","/objects/sunro_october_8_2016, Vancouer Sun,  B.C. mines ministry investigating pollution from old Vancouver Island mine.pdf","/objects/small/sunro_october_8_2016, vancouer sun,  b.c. mines ministry investigating pollution from old vancouver island mine_sm.jpg","/objects/thumbs/sunro_october_8_2016, vancouer sun,  b.c. mines ministry investigating pollution from old vancouver island mine_th.jpg"
sunro_october_8_2016_times_colonist_ministry_doesn’t_know_why_contaminated_site_was_deemed_clean.pdf,/objects/sunro_october_8_2016_times_colonist_ministry_doesn’t_know_why_contaminated_site_was_deemed_clean.pdf,/objects/small/sunro_october_8_2016_times_colonist_ministry_doesn’t_know_why_contaminated_site_was_deemed_clean_sm.jpg,/objects/thumbs/sunro_october_8_2016_times_colonist_ministry_doesn’t_know_why_contaminated_site_was_deemed_clean_th.jpg
sunro_october_8_2016_vancouer_sun_bc_mines_ministry_investigating_pollution_from_old_vancouver_island_mine.pdf,/objects/sunro_october_8_2016_vancouer_sun_bc_mines_ministry_investigating_pollution_from_old_vancouver_island_mine.pdf,/objects/small/sunro_october_8_2016_vancouer_sun_bc_mines_ministry_investigating_pollution_from_old_vancouver_island_mine_sm.jpg,/objects/thumbs/sunro_october_8_2016_vancouer_sun_bc_mines_ministry_investigating_pollution_from_old_vancouver_island_mine_th.jpg
sunro_september_10_1966_share_offering_times_colonist_1966_09_10_11.pdf,/objects/sunro_september_10_1966_share_offering_times_colonist_1966_09_10_11.pdf,/objects/small/sunro_september_10_1966_share_offering_times_colonist_1966_09_10_11_sm.jpg,/objects/thumbs/sunro_september_10_1966_share_offering_times_colonist_1966_09_10_11_th.jpg
sunro_september_14_1966_aetna_shuts_off_funds_to_cowichans_sunro_mine_the_vancouver_sun_1966_09_14_26.pdf,/objects/sunro_september_14_1966_aetna_shuts_off_funds_to_cowichans_sunro_mine_the_vancouver_sun_1966_09_14_26.pdf,/objects/small/sunro_september_14_1966_aetna_shuts_off_funds_to_cowichans_sunro_mine_the_vancouver_sun_1966_09_14_26_sm.jpg,/objects/thumbs/sunro_september_14_1966_aetna_shuts_off_funds_to_cowichans_sunro_mine_the_vancouver_sun_1966_09_14_26_th.jpg
sunro_september_18_1970_four_firm_ to_revive_cowichan_the_province_1970_09_18_24.pdf,/objects/sunro_september_18_1970_four_firm_ to_revive_cowichan_the_province_1970_09_18_24.pdf,/objects/small/sunro_september_18_1970_four_firm_ to_revive_cowichan_the_province_1970_09_18_24_sm.jpg,/objects/thumbs/sunro_september_18_1970_four_firm_ to_revive_cowichan_the_province_1970_09_18_24_th.jpg
sunro_september_1_1970_mine_may_open_soon_victoria_colonist.pdf,/objects/sunro_september_1_1970_mine_may_open_soon_victoria_colonist.pdf,/objects/small/sunro_september_1_1970_mine_may_open_soon_victoria_colonist_sm.jpg,/objects/thumbs/sunro_september_1_1970_mine_may_open_soon_victoria_colonist_th.jpg
sunro_september_3_1968_court_sets_cowichan_copper_date_the_vancouver_sun_1968_09_03_28.pdf,/objects/sunro_september_3_1968_court_sets_cowichan_copper_date_the_vancouver_sun_1968_09_03_28.pdf,/objects/small/sunro_september_3_1968_court_sets_cowichan_copper_date_the_vancouver_sun_1968_09_03_28_sm.jpg,/objects/thumbs/sunro_september_3_1968_court_sets_cowichan_copper_date_the_vancouver_sun_1968_09_03_28_th.jpg
sunro_september_9_1968_macdonald_loses_cowichan_control_the_vancouver_sun_1968_09_09_25.pdf,/objects/sunro_september_9_1968_macdonald_loses_cowichan_control_the_vancouver_sun_1968_09_09_25.pdf,/objects/small/sunro_september_9_1968_macdonald_loses_cowichan_control_the_vancouver_sun_1968_09_09_25_sm.jpg,/objects/thumbs/sunro_september_9_1968_macdonald_loses_cowichan_control_the_vancouver_sun_1968_09_09_25_th.jpg
tc_1911_the_power_plant_at_jr.pdf,/objects/tc_1911_the_power_plant_at_jr.pdf,/objects/small/tc_1911_the_power_plant_at_jr_sm.jpg,/objects/thumbs/tc_1911_the_power_plant_at_jr_th.jpg
tc_1970_never_to_bold_bio_of_john_elliott.pdf,/objects/tc_1970_never_to_bold_bio_of_john_elliott.pdf,/objects/small/tc_1970_never_to_bold_bio_of_john_elliott_sm.jpg,/objects/thumbs/tc_1970_never_to_bold_bio_of_john_elliott_th.jpg
tc_1979_bc_ hydro_staff_queried_on_poison_control.pdf,/objects/tc_1979_bc_ hydro_staff_queried_on_poison_control.pdf,/objects/small/tc_1979_bc_ hydro_staff_queried_on_poison_control_sm.jpg,/objects/thumbs/tc_1979_bc_ hydro_staff_queried_on_poison_control_th.jpg
tc_1980_hydro_24d_draws_sooke_protest.pdf,/objects/tc_1980_hydro_24d_draws_sooke_protest.pdf,/objects/small/tc_1980_hydro_24d_draws_sooke_protest_sm.jpg,/objects/thumbs/tc_1980_hydro_24d_draws_sooke_protest_th.jpg
tc_1980_hydro_backs_off_on_24d_ plans.pdf,/objects/tc_1980_hydro_backs_off_on_24d_ plans.pdf,/objects/small/tc_1980_hydro_backs_off_on_24d_ plans_sm.jpg,/objects/thumbs/tc_1980_hydro_backs_off_on_24d_ plans_th.jpg
tc_1980_hydro_herbicide_probe_ordered_by_ag.pdf,/objects/tc_1980_hydro_herbicide_probe_ordered_by_ag.pdf,/objects/small/tc_1980_hydro_herbicide_probe_ordered_by_ag_sm.jpg,/objects/thumbs/tc_1980_hydro_herbicide_probe_ordered_by_ag_th.jpg
telegraphhutjr.jpg,/objects/telegraphhutjr.jpg,/objects/small/telegraphhutjr_sm.jpg,/objects/thumbs/telegraphhutjr_th.jpg
the_hope_standard_wed_aug_20__1969_.pdf,/objects/the_hope_standard_wed_aug_20__1969_.pdf,/objects/small/the_hope_standard_wed_aug_20__1969__sm.jpg,/objects/thumbs/the_hope_standard_wed_aug_20__1969__th.jpg
the_province_1961_07_03_17.pdf,/objects/the_province_1961_07_03_17.pdf,/objects/small/the_province_1961_07_03_17_sm.jpg,/objects/thumbs/the_province_1961_07_03_17_th.jpg
the_vancouver_sun_1971_12_04_25.pdf,/objects/the_vancouver_sun_1971_12_04_25.pdf,/objects/small/the_vancouver_sun_1971_12_04_25_sm.jpg,/objects/thumbs/the_vancouver_sun_1971_12_04_25_th.jpg
the_vancouver_sun_2016_10_05_8.pdf,/objects/the_vancouver_sun_2016_10_05_8.pdf,/objects/small/the_vancouver_sun_2016_10_05_8_sm.jpg,/objects/thumbs/the_vancouver_sun_2016_10_05_8_th.jpg
the_vancouver_sun_2017_03_11_94.pdf,/objects/the_vancouver_sun_2017_03_11_94.pdf,/objects/small/the_vancouver_sun_2017_03_11_94_sm.jpg,/objects/thumbs/the_vancouver_sun_2017_03_11_94_th.jpg
the_vancouver_sun_tue_dec_21_1971.pdf,/objects/the_vancouver_sun_tue_dec_21_1971.pdf,/objects/small/the_vancouver_sun_tue_dec_21_1971_sm.jpg,/objects/thumbs/the_vancouver_sun_tue_dec_21_1971_th.jpg
the_victoria_daily_times_1909_08_19_1.pdf,/objects/the_victoria_daily_times_1909_08_19_1.pdf,/objects/small/the_victoria_daily_times_1909_08_19_1_sm.jpg,/objects/thumbs/the_victoria_daily_times_1909_08_19_1_th.jpg
the_victoria_daily_times_1923_09_29_17_rambles_around_victoria.pdf,/objects/the_victoria_daily_times_1923_09_29_17_rambles_around_victoria.pdf,/objects/small/the_victoria_daily_times_1923_09_29_17_rambles_around_victoria_sm.jpg,/objects/thumbs/the_victoria_daily_times_1923_09_29_17_rambles_around_victoria_th.jpg
the_week_1914_water_notice_clearing_streams.pdf,/objects/the_week_1914_water_notice_clearing_streams.pdf,/objects/small/the_week_1914_water_notice_clearing_streams_sm.jpg,/objects/thumbs/the_week_1914_water_notice_clearing_streams_th.jpg
times_colonist_1974_jrprison.pdf,/objects/times_colonist_1974_jrprison.pdf,/objects/small/times_colonist_1974_jrprison_sm.jpg,/objects/thumbs/times_colonist_1974_jrprison_th.jpg
times_colonist_1980_08_15_8_bc_forest_trio_buying_up_rayonier_canada.pdf,/objects/times_colonist_1980_08_15_8_bc_forest_trio_buying_up_rayonier_canada.pdf,/objects/small/times_colonist_1980_08_15_8_bc_forest_trio_buying_up_rayonier_canada_sm.jpg,/objects/thumbs/times_colonist_1980_08_15_8_bc_forest_trio_buying_up_rayonier_canada_th.jpg
times_colonist_1983_point_no_point_rail.pdf,/objects/times_colonist_1983_point_no_point_rail.pdf,/objects/small/times_colonist_1983_point_no_point_rail_sm.jpg,/objects/thumbs/times_colonist_1983_point_no_point_rail_th.jpg
times_colonist_1988_jrs_electric_monster.pdf,/objects/times_colonist_1988_jrs_electric_monster.pdf,/objects/small/times_colonist_1988_jrs_electric_monster_sm.jpg,/objects/thumbs/times_colonist_1988_jrs_electric_monster_th.jpg
times_colonist_1994_hydro_ad.pdf,/objects/times_colonist_1994_hydro_ad.pdf,/objects/small/times_colonist_1994_hydro_ad_sm.jpg,/objects/thumbs/times_colonist_1994_hydro_ad_th.jpg
times_colonist_2001_03_18_43_source_of_victorias_power.pdf,/objects/times_colonist_2001_03_18_43_source_of_victorias_power.pdf,/objects/small/times_colonist_2001_03_18_43_source_of_victorias_power_sm.jpg,/objects/thumbs/times_colonist_2001_03_18_43_source_of_victorias_power_th.jpg
times_colonist_fri_feb_28_1975.pdf,/objects/times_colonist_fri_feb_28_1975.pdf,/objects/small/times_colonist_fri_feb_28_1975_sm.jpg,/objects/thumbs/times_colonist_fri_feb_28_1975_th.jpg
times_colonist_fri_may_15_1970.pdf,/objects/times_colonist_fri_may_15_1970.pdf,/objects/small/times_colonist_fri_may_15_1970_sm.jpg,/objects/thumbs/times_colonist_fri_may_15_1970_th.jpg
times_colonist_sat_nov_28_1970.pdf,/objects/times_colonist_sat_nov_28_1970.pdf,/objects/small/times_colonist_sat_nov_28_1970_sm.jpg,/objects/thumbs/times_colonist_sat_nov_28_1970_th.jpg
times_colonist_thu__aug_13_1970_.pdf,/objects/times_colonist_thu__aug_13_1970_.pdf,/objects/small/times_colonist_thu__aug_13_1970__sm.jpg,/objects/thumbs/times_colonist_thu__aug_13_1970__th.jpg
times_colonist_thu_aug_13__1970_2.pdf,/objects/times_colonist_thu_aug_13__1970_2.pdf,/objects/small/times_colonist_thu_aug_13__1970_2_sm.jpg,/objects/thumbs/times_colonist_thu_aug_13__1970_2_th.jpg
times_colonist_thu_aug_14_1969_.pdf,/objects/times_colonist_thu_aug_14_1969_.pdf,/objects/small/times_colonist_thu_aug_14_1969__sm.jpg,/objects/thumbs/times_colonist_thu_aug_14_1969__th.jpg
times_colonist_wed__jul_24__1968_.pdf,/objects/times_colonist_wed__jul_24__1968_.pdf,/objects/small/times_colonist_wed__jul_24__1968__sm.jpg,/objects/thumbs/times_colonist_wed__jul_24__1968__th.jpg
times_colonist_wed_jul_24__1968_2.pdf,/objects/times_colonist_wed_jul_24__1968_2.pdf,/objects/small/times_colonist_wed_jul_24__1968_2_sm.jpg,/objects/thumbs/times_colonist_wed_jul_24__1968_2_th.jpg
tp_1909_jr_power_planton_vancouver_island.pdf,/objects/tp_1909_jr_power_planton_vancouver_island.pdf,/objects/small/tp_1909_jr_power_planton_vancouver_island_sm.jpg,/objects/thumbs/tp_1909_jr_power_planton_vancouver_island_th.jpg
traps_and_weirs_knowbc_the_leading_source_of_bc_information.pdf,/objects/traps_and_weirs_knowbc_the_leading_source_of_bc_information.pdf,/objects/small/traps_and_weirs_knowbc_the_leading_source_of_bc_information_sm.jpg,/objects/thumbs/traps_and_weirs_knowbc_the_leading_source_of_bc_information_th.jpg
vdt_1902_foreshore_lease_notice_for_fishing.pdf,/objects/vdt_1902_foreshore_lease_notice_for_fishing.pdf,/objects/small/vdt_1902_foreshore_lease_notice_for_fishing_sm.jpg,/objects/thumbs/vdt_1902_foreshore_lease_notice_for_fishing_th.jpg
vdt_1909_jr_million_dollar_lumber_deal.pdf,/objects/vdt_1909_jr_million_dollar_lumber_deal.pdf,/objects/small/vdt_1909_jr_million_dollar_lumber_deal_sm.jpg,/objects/thumbs/vdt_1909_jr_million_dollar_lumber_deal_th.jpg
vdt_1909_scope_of_hydro_project_at_jr.pdf,/objects/vdt_1909_scope_of_hydro_project_at_jr.pdf,/objects/small/vdt_1909_scope_of_hydro_project_at_jr_sm.jpg,/objects/thumbs/vdt_1909_scope_of_hydro_project_at_jr_th.jpg
vdt_1910_hydro_payroll_is_a_large_one.pdf,/objects/vdt_1910_hydro_payroll_is_a_large_one.pdf,/objects/small/vdt_1910_hydro_payroll_is_a_large_one_sm.jpg,/objects/thumbs/vdt_1910_hydro_payroll_is_a_large_one_th.jpg
vdt_1915_realize_extent_of_jordan_river_plant.pdf,/objects/vdt_1915_realize_extent_of_jordan_river_plant.pdf,/objects/small/vdt_1915_realize_extent_of_jordan_river_plant_sm.jpg,/objects/thumbs/vdt_1915_realize_extent_of_jordan_river_plant_th.jpg
vdt_1919_water_powers_are_asset_which_has_only_begun_development.pdf,/objects/vdt_1919_water_powers_are_asset_which_has_only_begun_development.pdf,/objects/small/vdt_1919_water_powers_are_asset_which_has_only_begun_development_sm.jpg,/objects/thumbs/vdt_1919_water_powers_are_asset_which_has_only_begun_development_th.jpg
vdt_1930_jr_hydro_now_developed_to_the_limit.pdf,/objects/vdt_1930_jr_hydro_now_developed_to_the_limit.pdf,/objects/small/vdt_1930_jr_hydro_now_developed_to_the_limit_sm.jpg,/objects/thumbs/vdt_1930_jr_hydro_now_developed_to_the_limit_th.jpg
vdt_1943_lack_of_rain_threatens_power_shortage.pdf,/objects/vdt_1943_lack_of_rain_threatens_power_shortage.pdf,/objects/small/vdt_1943_lack_of_rain_threatens_power_shortage_sm.jpg,/objects/thumbs/vdt_1943_lack_of_rain_threatens_power_shortage_th.jpg
victoria_express_1974_rocks_hide_wet_frenzy_the_mine_runs_uphill.pdf,/objects/victoria_express_1974_rocks_hide_wet_frenzy_the_mine_runs_uphill.pdf,/objects/small/victoria_express_1974_rocks_hide_wet_frenzy_the_mine_runs_uphill_sm.jpg,/objects/thumbs/victoria_express_1974_rocks_hide_wet_frenzy_the_mine_runs_uphill_th.jpg
vs_1980_hydro_workers_charged.pdf,/objects/vs_1980_hydro_workers_charged.pdf,/objects/small/vs_1980_hydro_workers_charged_sm.jpg,/objects/thumbs/vs_1980_hydro_workers_charged_th.jpg
welcometojrsign.JPG,/objects/welcometojrsign.JPG,/objects/small/welcometojrsign_sm.jpg,/objects/thumbs/welcometojrsign_th.jpg
winklerbio.png,/objects/winklerbio.png,/objects/small/winklerbio_sm.jpg,/objects/thumbs/winklerbio_th.jpg
